date,StraitTimes
1/31/2001,1668.49
3/16/2001,1481.48
3/19/2001,1438.79
3/20/2001,1446.2
3/21/2001,1443.11
3/22/2001,1407.35
3/23/2001,1432.7
3/26/2001,1428.03
3/27/2001,1391.29
3/28/2001,1373.92
3/29/2001,1353.02
3/30/2001,1391.25
4/2/2001,1369.76
4/3/2001,1365.99
4/4/2001,1349.42
4/5/2001,1393.57
4/6/2001,1388.93
4/9/2001,1322.07
4/10/2001,1327.48
4/11/2001,1333.83
4/12/2001,1305.09
4/16/2001,1311.5
4/17/2001,1290.65
4/18/2001,1321.99
4/19/2001,1355.71
4/20/2001,1362.24
4/23/2001,1388.38
4/24/2001,1386.28
4/25/2001,1371.88
4/26/2001,1365.67
4/27/2001,1380.61
4/30/2001,1406.25
5/2/2001,1415.25
5/3/2001,1413.01
5/4/2001,1394.88
5/8/2001,1382.89
5/9/2001,1366.25
5/10/2001,1371.09
5/11/2001,1384.8
5/14/2001,1366.39
5/15/2001,1372.52
5/16/2001,1351.02
5/17/2001,1371.38
5/18/2001,1358.8
5/21/2001,1361.24
5/22/2001,1370.42
5/23/2001,1371.9
5/24/2001,1379.19
5/25/2001,1370.61
5/28/2001,1362.15
5/29/2001,1368.22
5/30/2001,1354.44
5/31/2001,1351.02
6/1/2001,1347.15
6/4/2001,1360.75
6/5/2001,1371.77
6/6/2001,1373.52
6/7/2001,1377.25
6/8/2001,1399.31
6/11/2001,1380.98
6/12/2001,1374.73
6/13/2001,1386.12
6/14/2001,1379.96
6/15/2001,1391.2
6/18/2001,1393.42
6/19/2001,1384.96
6/20/2001,1370.86
6/21/2001,1368.6
6/22/2001,1391.34
6/25/2001,1373.82
6/26/2001,1375.87
6/27/2001,1366.34
6/28/2001,1372.84
6/29/2001,1389.11
7/2/2001,1369.85
7/3/2001,1368.6
7/4/2001,1361.91
7/5/2001,1356.78
7/6/2001,1335.66
7/9/2001,1332.86
7/10/2001,1354.35
7/11/2001,1340.9
7/12/2001,1347.95
7/13/2001,1330.54
7/16/2001,1329.43
7/17/2001,1315.31
7/18/2001,1304.85
7/19/2001,1301.4
7/20/2001,1312.1
7/23/2001,1303.64
7/24/2001,1301.51
7/25/2001,1301.71
7/26/2001,1306.7
7/27/2001,1307.53
7/30/2001,1324.87
7/31/2001,1338.02
8/1/2001,1354.31
8/2/2001,1341.98
8/3/2001,1326.9
8/6/2001,1337.16
8/7/2001,1336.72
8/8/2001,1325.31
8/10/2001,1325.99
8/13/2001,1314.81
8/14/2001,1332.12
8/15/2001,1331.25
8/16/2001,1326.82
8/17/2001,1328.29
8/20/2001,1318.75
8/21/2001,1323.72
8/22/2001,1325.63
8/23/2001,1329.67
8/24/2001,1317.46
8/27/2001,1334.11
8/28/2001,1332.67
8/29/2001,1328.96
8/30/2001,1316.4
8/31/2001,1325
9/3/2001,1322.27
9/4/2001,1328.94
9/5/2001,1329.86
9/6/2001,1313.5
9/7/2001,1289.62
9/10/2001,1273.93
9/11/2001,1288.5
9/12/2001,1216
9/13/2001,1205.79
9/14/2001,1171.08
9/17/2001,1114.86
9/18/2001,1105.98
9/19/2001,1119.68
9/20/2001,1092.96
9/21/2001,1032.52
9/24/2001,1079.35
9/25/2001,1075.04
9/26/2001,1070.44
9/27/2001,1095.31
9/28/2001,1107.03
10/1/2001,1118.92
10/2/2001,1130.36
10/3/2001,1118.08
10/4/2001,1155.47
10/5/2001,1162.3
10/8/2001,1134.23
10/9/2001,1160.94
10/10/2001,1145.76
10/11/2001,1169.83
10/12/2001,1184.81
10/15/2001,1189.61
10/16/2001,1196.04
10/17/2001,1207.55
10/18/2001,1177.04
10/19/2001,1164.06
10/22/2001,1164.76
10/23/2001,1182.35
10/24/2001,1191.45
10/25/2001,1181.61
10/26/2001,1185.27
10/29/2001,1169.61
10/30/2001,1159.83
10/31/2001,1147.54
11/1/2001,1126.76
11/2/2001,1120.87
11/5/2001,1120.22
11/6/2001,1118.96
11/7/2001,1112.78
11/8/2001,1121.67
11/9/2001,1149.06
11/12/2001,1151.25
11/13/2001,1150.06
11/15/2001,1206.35
11/16/2001,1198.2
11/19/2001,1227.07
11/20/2001,1219.81
11/21/2001,1233.74
11/22/2001,1220.25
11/23/2001,1226.61
11/26/2001,1241.32
11/27/2001,1265.15
11/28/2001,1246.32
11/29/2001,1227.31
11/30/2001,1241.1
12/3/2001,1255.56
12/4/2001,1296.82
12/5/2001,1344.05
12/6/2001,1368.91
12/7/2001,1379.72
12/10/2001,1369.78
12/11/2001,1361
12/12/2001,1356.7
12/13/2001,1335.31
12/14/2001,1326.1
12/18/2001,1348.3
12/19/2001,1357.67
12/20/2001,1355.92
12/21/2001,1340.2
12/24/2001,1345.18
12/26/2001,1348.44
12/27/2001,1369.47
12/28/2001,1380.03
12/31/2001,1378.21
1/2/2002,1382.3
1/3/2002,1408.18
1/4/2002,1432.68
1/7/2002,1448.67
1/8/2002,1453.93
1/9/2002,1438.73
1/10/2002,1456.78
1/11/2002,1452.78
1/14/2002,1473.88
1/15/2002,1443.57
1/16/2002,1422.34
1/17/2002,1410.48
1/18/2002,1413.13
1/21/2002,1419.69
1/22/2002,1412.25
1/23/2002,1415.03
1/24/2002,1415.05
1/25/2002,1473.49
1/28/2002,1510.23
1/29/2002,1507.12
1/30/2002,1495.2
1/31/2002,1522.65
2/1/2002,1519
2/4/2002,1498.2
2/5/2002,1473.69
2/6/2002,1489.7
2/7/2002,1461.86
2/8/2002,1477.53
2/11/2002,1480.03
2/14/2002,1510.5
2/15/2002,1505.43
2/18/2002,1498.91
2/19/2002,1480.74
2/20/2002,1470.63
2/21/2002,1471.95
2/22/2002,1435.86
2/25/2002,1417.28
2/26/2002,1430.14
2/27/2002,1446.09
2/28/2002,1457.58
3/1/2002,1461.02
3/4/2002,1538.26
3/5/2002,1536.26
3/6/2002,1531.85
3/7/2002,1529.27
3/8/2002,1534.3
3/11/2002,1537.4
3/12/2002,1518.78
3/13/2002,1521.8
3/14/2002,1518
3/15/2002,1519.05
3/18/2002,1527.1
3/19/2002,1546.89
3/20/2002,1542.08
3/21/2002,1533.73
3/22/2002,1539.24
3/25/2002,1536.97
3/26/2002,1533.76
3/27/2002,1536.63
3/28/2002,1542.61
4/1/2002,1532.34
4/2/2002,1536.54
4/3/2002,1521.64
4/4/2002,1517.45
4/5/2002,1519.56
4/8/2002,1505.64
4/9/2002,1492.72
4/10/2002,1458.42
4/11/2002,1481.34
4/12/2002,1490.25
4/15/2002,1491.59
4/16/2002,1503.76
4/17/2002,1508.18
4/18/2002,1486.71
4/19/2002,1471.89
4/22/2002,1467.8
4/23/2002,1479.56
4/24/2002,1474.36
4/25/2002,1468.08
4/26/2002,1471.5
4/29/2002,1457.47
4/30/2002,1468.32
5/2/2002,1480.75
5/6/2002,1464.61
5/7/2002,1462.36
5/8/2002,1474.87
5/9/2002,1472.62
5/14/2002,1478.41
5/15/2002,1485.26
5/16/2002,1476.9
5/17/2002,1476.86
5/20/2002,1468.62
5/21/2002,1473.58
5/22/2002,1481.23
5/23/2002,1465.77
5/24/2002,1468.67
5/28/2002,1458.28
5/29/2002,1435.91
5/30/2002,1435.1
5/31/2002,1427.44
6/3/2002,1431.39
6/4/2002,1408.41
6/5/2002,1413.28
6/6/2002,1411.37
6/7/2002,1409.81
6/10/2002,1419.1
6/11/2002,1414.05
6/12/2002,1400.6
6/13/2002,1396.78
6/14/2002,1365.64
6/17/2002,1359.23
6/18/2002,1360.64
6/19/2002,1328.87
6/20/2002,1336.91
6/21/2002,1310.8
6/24/2002,1303.84
6/25/2002,1331.15
6/26/2002,1299.38
6/27/2002,1300.91
6/28/2002,1320.83
7/1/2002,1318.19
7/2/2002,1319.55
7/3/2002,1348.94
7/4/2002,1362.11
7/5/2002,1401.19
7/8/2002,1382.65
7/9/2002,1402.8
7/10/2002,1392.8
7/11/2002,1370.99
7/12/2002,1378.11
7/15/2002,1374.29
7/16/2002,1356.57
7/17/2002,1353.63
7/18/2002,1350
7/19/2002,1332.29
7/22/2002,1310.75
7/23/2002,1338.81
7/24/2002,1298.11
7/25/2002,1294.92
7/26/2002,1271.43
7/29/2002,1282.39
7/30/2002,1291.85
7/31/2002,1286.21
8/1/2002,1292.26
8/2/2002,1284.08
8/5/2002,1257.16
8/6/2002,1243.65
8/7/2002,1269.96
8/8/2002,1260.81
8/12/2002,1261.35
8/13/2002,1300.12
8/14/2002,1297.19
8/15/2002,1300.85
8/16/2002,1292.99
8/19/2002,1303.98
8/20/2002,1307.97
8/21/2002,1310.8
8/22/2002,1319.02
8/23/2002,1310.23
8/26/2002,1296.88
8/27/2002,1289.51
8/28/2002,1285.84
8/29/2002,1271.96
8/30/2002,1268.39
9/2/2002,1239.24
9/3/2002,1236.56
9/4/2002,1241.49
9/5/2002,1229.77
9/6/2002,1227.07
9/9/2002,1210.04
9/10/2002,1232.81
9/11/2002,1233.7
9/12/2002,1220.12
9/13/2002,1214.97
9/16/2002,1227.35
9/17/2002,1243.67
9/18/2002,1216.64
9/19/2002,1224.28
9/20/2002,1204.74
9/23/2002,1200.6
9/24/2002,1166.82
9/25/2002,1135.92
9/26/2002,1149.03
9/27/2002,1162.56
9/30/2002,1142.59
10/1/2002,1144.25
10/2/2002,1145.32
10/3/2002,1142.17
10/4/2002,1154.42
10/7/2002,1164.03
10/8/2002,1180.24
10/9/2002,1160.07
10/10/2002,1143.32
10/11/2002,1161.35
10/14/2002,1165.56
10/15/2002,1213.53
10/16/2002,1222.22
10/17/2002,1245.25
10/18/2002,1242.86
10/21/2002,1239.69
10/22/2002,1236.22
10/23/2002,1245.25
10/24/2002,1240.55
10/25/2002,1251.64
10/28/2002,1256.26
10/29/2002,1231.3
10/30/2002,1238.69
10/31/2002,1242.31
11/1/2002,1208.99
11/5/2002,1219.56
11/6/2002,1230.63
11/7/2002,1210.71
11/8/2002,1210.95
11/11/2002,1191.38
11/12/2002,1192.12
11/13/2002,1181.48
11/14/2002,1177.21
11/15/2002,1200.48
11/18/2002,1184.87
11/19/2002,1180.59
11/20/2002,1170.94
11/21/2002,1186.57
11/22/2002,1208.23
11/25/2002,1207.88
11/26/2002,1190.21
11/27/2002,1182.38
11/28/2002,1193.44
11/29/2002,1181.16
12/2/2002,1184.93
12/3/2002,1174.7
12/4/2002,1158.35
12/5/2002,1158.73
12/9/2002,1142.98
12/10/2002,1160.56
12/11/2002,1164.07
12/12/2002,1171.07
12/13/2002,1157.63
12/16/2002,1152.93
12/17/2002,1139.51
12/18/2002,1130.38
12/19/2002,1146.77
12/20/2002,1131.81
12/23/2002,1129.64
12/24/2002,1130.33
12/26/2002,1124.85
12/27/2002,1133.25
12/30/2002,1124.03
12/31/2002,1132.81
1/2/2003,1130.21
1/3/2003,1132.95
1/6/2003,1125.96
1/7/2003,1116.75
1/8/2003,1129.67
1/9/2003,1131.45
1/10/2003,1143.17
1/13/2003,1178.68
1/14/2003,1193.96
1/15/2003,1181.46
1/16/2003,1173.91
1/17/2003,1160.89
1/20/2003,1156.21
1/21/2003,1159.65
1/22/2003,1161.89
1/23/2003,1156.43
1/24/2003,1151.35
3/5/2003,1067.28
3/6/2003,1048.21
3/7/2003,1030.82
3/10/2003,1018.55
3/11/2003,1022.52
3/12/2003,1040.84
3/13/2003,1039.98
3/14/2003,1058.85
3/17/2003,1042.44
3/18/2003,1080.21
3/19/2003,1088.29
3/20/2003,1111.49
3/24/2003,1102.85
3/25/2003,1113.08
3/26/2003,1123.59
3/27/2003,1112.13
3/28/2003,1116.66
3/31/2003,1074.57
4/1/2003,1085.39
4/2/2003,1102.29
4/3/2003,1103.11
4/4/2003,1113.6
4/7/2003,1133.53
4/8/2003,1115.25
4/9/2003,1093.91
4/10/2003,1096.97
4/11/2003,1104.95
4/14/2003,1090.34
4/15/2003,1098.47
4/16/2003,1098.35
4/17/2003,1090.69
6/25/2003,1276.15
6/26/2003,1268.12
6/27/2003,1287.12
6/30/2003,1257.52
7/1/2003,1263.51
7/2/2003,1281.12
7/3/2003,1286.99
7/4/2003,1290.54
7/7/2003,1316.56
7/8/2003,1317.52
7/9/2003,1320.18
7/10/2003,1319.08
7/11/2003,1345.05
7/14/2003,1371.46
7/15/2003,1380.26
7/16/2003,1386.75
7/17/2003,1379.27
7/18/2003,1374.53
7/21/2003,1367.37
7/22/2003,1345.84
7/23/2003,1352.5
7/24/2003,1348.41
7/25/2003,1356.81
7/28/2003,1377.54
7/29/2003,1374.36
7/30/2003,1373.77
7/31/2003,1355.26
8/1/2003,1359.1
8/4/2003,1342.42
8/5/2003,1313.23
8/6/2003,1314.75
8/7/2003,1336.41
8/8/2003,1336.99
8/11/2003,1352.82
8/12/2003,1361.67
8/13/2003,1390.2
8/14/2003,1401.81
8/15/2003,1398.12
8/18/2003,1423.42
8/19/2003,1418.73
8/20/2003,1416.64
8/21/2003,1437.34
8/22/2003,1441.99
8/25/2003,1429.55
8/26/2003,1402.24
8/27/2003,1399.42
8/28/2003,1403.01
8/29/2003,1406.97
9/1/2003,1417.42
9/2/2003,1407.34
9/3/2003,1411.41
9/4/2003,1412.92
9/5/2003,1419.66
9/8/2003,1426.62
9/9/2003,1386.64
11/26/2003,1469.86
11/27/2003,1478.23
11/28/2003,1496.38
12/1/2003,1518.61
12/2/2003,1511.3
12/3/2003,1520.01
12/4/2003,1511.91
12/5/2003,1513.11
12/8/2003,1502.79
12/9/2003,1500
12/10/2003,1496.46
12/11/2003,1505.88
12/12/2003,1511.82
12/15/2003,1527.64
12/16/2003,1512.84
12/17/2003,1505.03
12/18/2003,1497.15
12/19/2003,1492.76
12/22/2003,1504.03
12/23/2003,1505.07
12/24/2003,1509.06
12/26/2003,1512.55
12/29/2003,1522.07
12/30/2003,1543.25
12/31/2003,1543.54
1/2/2004,1569.25
1/5/2004,1592.4
1/6/2004,1592.7
1/7/2004,1600.09
1/8/2004,1606.82
1/9/2004,1611.74
1/12/2004,1599.84
1/13/2004,1617.49
1/14/2004,1620.69
1/15/2004,1588.33
1/16/2004,1598.01
1/19/2004,1613.13
1/20/2004,1622.72
1/21/2004,1649.06
1/26/2004,1656.24
1/27/2004,1658.66
1/28/2004,1621.43
1/29/2004,1604.67
1/30/2004,1617.7
2/3/2004,1611.13
2/4/2004,1603.18
2/5/2004,1595.89
2/6/2004,1614.4
4/16/2004,1611.86
4/19/2004,1603.24
4/20/2004,1609.03
4/21/2004,1605.71
4/22/2004,1622.57
4/23/2004,1628.09
4/26/2004,1609.31
4/27/2004,1613.77
4/28/2004,1612.22
4/29/2004,1580.48
4/30/2004,1607.57
5/3/2004,1607.73
5/4/2004,1631.39
5/5/2004,1645.06
5/6/2004,1640.3
5/7/2004,1618.41
5/10/2004,1577.94
5/11/2004,1591.27
5/12/2004,1588.13
5/13/2004,1565.38
5/14/2004,1538.75
5/17/2004,1490.66
5/18/2004,1509.59
5/19/2004,1551.12
5/20/2004,1532.6
5/21/2004,1558.22
5/24/2004,1566.07
5/25/2004,1553.11
5/26/2004,1560.42
5/27/2004,1562.73
5/28/2004,1566.52
5/31/2004,1570.81
8/3/2004,1672.67
8/4/2004,1667.85
8/5/2004,1690.58
8/6/2004,1673.03
8/10/2004,1652.6
8/11/2004,1643.68
8/12/2004,1647.24
8/13/2004,1634.37
8/16/2004,1640.99
8/17/2004,1644.08
8/18/2004,1657.37
8/19/2004,1671.69
8/20/2004,1658.48
8/23/2004,1665.13
8/24/2004,1671.44
8/25/2004,1679.64
8/26/2004,1681.97
8/27/2004,1680.75
8/30/2004,1671.71
8/31/2004,1684.06
9/1/2004,1696.2
9/2/2004,1705.79
9/3/2004,1702.59
9/6/2004,1701.38
9/7/2004,1723.85
9/8/2004,1721.1
9/9/2004,1723.3
9/10/2004,1727.8
9/13/2004,1747.71
9/14/2004,1755.67
9/15/2004,1765.27
9/16/2004,1751.92
9/17/2004,1758.26
9/20/2004,1744.29
9/21/2004,1757.62
9/22/2004,1752.42
9/23/2004,1746.06
9/24/2004,1737.31
9/27/2004,1746.49
9/28/2004,1740.29
9/29/2004,1731.54
4/21/2005,1884.93
4/22/2005,1886.15
4/25/2005,1891.13
4/26/2005,1901.21
4/27/2005,1897.58
4/28/2005,1897.37
4/29/2005,1882.43
5/3/2005,1895.67
5/4/2005,1905.9
5/5/2005,1915.35
5/6/2005,1931.8
5/9/2005,1935.92
5/10/2005,1935.6
5/11/2005,1943.4
5/12/2005,1953.69
5/13/2005,1942.95
5/17/2005,1927.1
5/18/2005,1924.27
5/19/2005,1941.2
5/20/2005,1948.01
5/24/2005,1952.01
5/25/2005,1936.62
5/26/2005,1927.67
5/27/2005,1930.32
6/1/2005,1944.31
6/2/2005,1957.23
6/3/2005,1957.78
6/7/2005,1969.04
6/8/2005,1963.98
6/9/2005,1966.06
6/10/2005,1986.75
6/13/2005,1986.16
6/14/2005,1967.27
6/15/2005,1981.75
6/16/2005,1982.43
6/17/2005,1988.23
6/20/2005,1979.42
6/21/2005,1979.44
6/22/2005,1991.99
6/23/2005,2007.79
6/24/2005,2006.7
6/27/2005,1991.64
6/28/2005,1987.34
6/29/2005,1992.23
6/30/2005,2006.8
7/1/2005,2001.38
7/4/2005,2012.99
7/5/2005,2013.01
7/6/2005,2021.29
7/7/2005,1998.5
7/8/2005,2003.65
7/11/2005,2029.52
7/12/2005,2023.53
7/13/2005,2025.03
7/14/2005,2035.08
7/15/2005,2034.08
7/18/2005,2030.59
7/19/2005,2073.43
7/20/2005,2087.58
7/21/2005,2089.69
7/22/2005,2099.16
7/25/2005,2089.35
7/26/2005,2099.82
7/27/2005,2108.09
7/28/2005,2117.07
7/29/2005,2124.99
8/1/2005,2144.25
8/2/2005,2153.73
8/3/2005,2140.94
8/4/2005,2139.28
8/5/2005,2125.76
8/8/2005,2134.18
8/10/2005,2127.98
8/11/2005,2099.76
8/12/2005,2098.13
8/15/2005,2080.46
8/16/2005,2105.57
8/17/2005,2079.88
8/18/2005,2084.58
8/19/2005,2090.4
8/22/2005,2106.44
8/23/2005,2098.52
8/24/2005,2087.41
8/25/2005,2093.6
8/26/2005,2097.47
8/29/2005,2083.35
8/30/2005,2079.47
8/31/2005,2081.94
9/1/2005,2094.56
9/2/2005,2103.19
9/5/2005,2094.9
9/6/2005,2088.78
9/7/2005,2095.97
9/8/2005,2097.05
9/9/2005,2097.01
9/12/2005,2121.98
9/13/2005,2108.9
9/14/2005,2110.06
9/15/2005,2111.73
9/16/2005,2102.94
9/19/2005,2091.77
9/20/2005,2100.27
9/21/2005,2093.88
9/22/2005,2086.28
9/23/2005,2087.99
9/26/2005,2109.01
9/27/2005,2095.22
9/28/2005,2088.33
9/29/2005,2085.37
9/30/2005,2089.02
10/3/2005,2086.44
10/4/2005,2105.68
10/5/2005,2106.61
10/6/2005,2074.84
10/7/2005,2086.02
10/10/2005,2122.76
10/11/2005,2133.82
10/12/2005,2099.63
10/13/2005,2100.23
10/14/2005,2083.76
10/17/2005,2070.16
10/18/2005,2066.46
10/19/2005,2005.29
10/20/2005,2016.01
10/21/2005,2029.24
10/24/2005,2014.7
10/25/2005,2017.46
10/26/2005,2021.8
10/27/2005,1993.49
10/28/2005,1986.26
10/31/2005,2011.35
11/2/2005,2046.3
11/4/2005,2055.82
11/7/2005,2046.46
11/8/2005,2059.45
11/9/2005,2057.93
11/10/2005,2045.64
11/11/2005,2057.21
11/14/2005,2046.45
11/15/2005,2032.52
11/16/2005,2047.19
11/17/2005,2054.6
11/18/2005,2083.67
11/21/2005,2074.34
11/22/2005,2067.52
11/23/2005,2082.67
11/24/2005,2091.92
11/25/2005,2082.24
11/28/2005,2095.8
11/29/2005,2091.75
11/30/2005,2091.36
12/1/2005,2102.91
12/2/2005,2125.05
12/5/2005,2123.69
12/6/2005,2098.87
12/7/2005,2104.72
12/8/2005,2102.72
12/9/2005,2117.02
12/12/2005,2122.13
12/13/2005,2116.97
12/14/2005,2114.76
12/15/2005,2116.69
12/16/2005,2118.3
12/19/2005,2120.48
12/20/2005,2124.73
12/21/2005,2128.55
12/22/2005,2121.06
12/23/2005,2124.13
12/27/2005,2132.13
12/28/2005,2134.21
12/29/2005,2144.5
12/30/2005,2147.54
1/3/2006,2169.19
1/4/2006,2181.56
1/5/2006,2197.73
1/6/2006,2211.68
1/9/2006,2215.86
1/11/2006,2207.66
1/12/2006,2198.47
1/13/2006,2196.73
1/16/2006,2192.52
1/17/2006,2173.19
1/18/2006,2156.39
1/19/2006,2175.72
1/20/2006,2185.05
1/23/2006,2162.71
1/24/2006,2168.45
1/25/2006,2184.55
1/26/2006,2194.34
1/27/2006,2211.85
2/1/2006,2227.51
2/2/2006,2235.88
2/3/2006,2227.19
2/6/2006,2233.95
2/7/2006,2236.9
2/8/2006,2219.52
2/9/2006,2223.24
2/10/2006,2213.95
2/13/2006,2218.75
2/14/2006,2233.12
2/15/2006,2217.79
2/16/2006,2229.06
2/17/2006,2223.44
2/20/2006,2222.85
2/21/2006,2237.88
2/22/2006,2224.89
2/23/2006,2233.36
2/24/2006,2252.83
2/27/2006,2273.54
2/28/2006,2277.03
3/1/2006,2283.09
3/2/2006,2276.24
3/3/2006,2290.38
3/6/2006,2309.57
3/7/2006,2286.06
3/8/2006,2296.73
3/9/2006,2298.73
3/10/2006,2295.36
3/13/2006,2305.44
3/14/2006,2302.21
3/15/2006,2296.35
3/16/2006,2299.97
3/17/2006,2297.37
3/20/2006,2314.9
3/21/2006,2294.35
3/22/2006,2289.58
3/23/2006,2291.59
3/24/2006,2294.95
3/27/2006,2303.09
3/28/2006,2311.1
3/29/2006,2318.57
3/30/2006,2315.16
3/31/2006,2325.42
4/3/2006,2342.04
4/4/2006,2326.21
4/5/2006,2340.24
4/6/2006,2338.61
4/7/2006,2350.07
4/10/2006,2342.56
4/11/2006,2351.82
4/12/2006,2346.26
4/13/2006,2346.79
4/17/2006,2353.97
4/18/2006,2360.69
4/19/2006,2388.54
4/20/2006,2386.87
4/21/2006,2404.17
4/24/2006,2393.86
4/25/2006,2385.39
4/26/2006,2394.34
4/27/2006,2399.22
4/28/2006,2415.16
5/2/2006,2439.49
5/3/2006,2466.55
5/4/2006,2452.42
5/5/2006,2446.18
5/8/2006,2473.92
5/9/2006,2446.41
5/10/2006,2456.74
5/11/2006,2438.71
5/15/2006,2359.98
5/16/2006,2340.93
5/17/2006,2378.88
5/18/2006,2338.3
5/19/2006,2327.19
5/22/2006,2256.38
5/23/2006,2268.98
5/24/2006,2272.57
5/25/2006,2241.77
5/26/2006,2284.42
5/29/2006,2281.91
5/30/2006,2288.95
5/31/2006,2230.35
6/1/2006,2226.1
6/2/2006,2253.96
6/5/2006,2242.29
6/6/2006,2231.51
6/7/2006,2201.54
6/8/2006,2152.19
6/9/2006,2189.97
6/12/2006,2189.16
6/13/2006,2149.54
6/14/2006,2140.66
6/15/2006,2161.54
6/16/2006,2227.31
6/19/2006,2220.62
6/20/2006,2185.06
6/21/2006,2189.86
6/22/2006,2218.24
6/23/2006,2201.74
6/26/2006,2225.59
6/27/2006,2216.22
6/28/2006,2210.53
6/29/2006,2244.62
6/30/2006,2288.75
7/3/2006,2289.8
7/4/2006,2301.04
7/5/2006,2277.66
7/6/2006,2297.31
7/7/2006,2296.15
7/10/2006,2289.29
7/11/2006,2267.66
7/12/2006,2271.94
7/13/2006,2246.83
7/14/2006,2214.02
7/17/2006,2173.25
7/18/2006,2189.51
7/19/2006,2194.68
7/20/2006,2237.57
7/21/2006,2230.94
7/24/2006,2235.69
7/25/2006,2263.42
7/26/2006,2261.54
7/27/2006,2295.29
7/28/2006,2280.01
7/31/2006,2292.41
8/1/2006,2293.49
8/2/2006,2303.93
8/3/2006,2307.06
8/4/2006,2316.11
8/7/2006,2314.96
8/8/2006,2327.34
8/10/2006,2314.04
8/11/2006,2317.11
8/14/2006,2316.87
8/15/2006,2306.21
8/16/2006,2317.18
8/17/2006,2336.78
8/18/2006,2347.88
8/21/2006,2334.1
8/22/2006,2346.56
8/23/2006,2337.9
8/24/2006,2317.57
8/25/2006,2328.9
8/28/2006,2308.6
8/29/2006,2334.59
8/30/2006,2349.93
8/31/2006,2364.05
9/1/2006,2371.47
9/4/2006,2395.94
9/5/2006,2395.96
9/6/2006,2403.83
9/7/2006,2382.74
9/8/2006,2386.02
9/11/2006,2362.63
9/12/2006,2360.13
9/13/2006,2382.37
9/14/2006,2389.97
9/15/2006,2394.36
9/18/2006,2420.32
9/19/2006,2400.88
9/20/2006,2394.21
9/21/2006,2400.71
9/22/2006,2382.76
9/25/2006,2385.54
9/26/2006,2391.44
9/27/2006,2424.42
9/28/2006,2433.26
9/29/2006,2432.75
10/2/2006,2466.97
10/3/2006,2459.13
10/4/2006,2470.12
10/5/2006,2501.32
10/6/2006,2509.37
10/9/2006,2485.71
10/10/2006,2506.41
10/11/2006,2497.79
10/12/2006,2496.82
10/13/2006,2518.29
10/16/2006,2520.24
10/17/2006,2489.94
10/18/2006,2491.1
10/19/2006,2515.89
10/20/2006,2538.83
10/23/2006,2545.04
10/25/2006,2566.15
10/26/2006,2592.66
10/27/2006,2584.02
10/30/2006,2545.24
10/31/2006,2553.68
11/1/2006,2590.14
11/2/2006,2581.81
11/3/2006,2569.97
11/6/2006,2572.88
11/7/2006,2592.53
11/8/2006,2586.17
11/9/2006,2596.43
11/10/2006,2592.14
11/13/2006,2594.35
11/14/2006,2603.9
11/15/2006,2620.65
11/16/2006,2637.27
11/17/2006,2651.6
11/20/2006,2609.31
11/21/2006,2633.82
11/22/2006,2661.57
11/23/2006,2672.11
11/24/2006,2656.13
11/27/2006,2677.99
11/28/2006,2628.34
11/29/2006,2664.62
11/30/2006,2677.19
12/1/2006,2673.98
12/4/2006,2687.46
12/5/2006,2735.77
12/6/2006,2728.06
12/7/2006,2732.53
12/8/2006,2703.89
12/11/2006,2724.89
12/12/2006,2732.11
12/13/2006,2722.54
12/14/2006,2751.04
12/15/2006,2771.32
12/18/2006,2807.85
12/19/2006,2746.39
12/20/2006,2770.14
12/21/2006,2773.11
12/22/2006,2788.85
12/26/2006,2785.55
12/27/2006,2806.43
12/28/2006,2810.81
12/29/2006,2828.72
1/3/2007,2882.55
1/4/2007,2873.67
1/5/2007,2872.84
1/8/2007,2844.29
1/9/2007,2848.58
1/10/2007,2802.57
1/11/2007,2813.49
1/12/2007,2849.32
1/15/2007,2871.81
1/16/2007,2873.74
1/17/2007,2874.49
1/18/2007,2898.28
1/19/2007,2913.97
1/22/2007,2979.46
1/23/2007,2965.8
1/24/2007,2980.09
1/25/2007,2933.81
1/26/2007,2921.29
1/29/2007,2959.73
1/30/2007,2957.86
1/31/2007,2952.23
2/1/2007,2996.04
2/2/2007,3055.14
2/5/2007,3059.65
2/6/2007,3058.12
2/7/2007,3070.53
2/8/2007,3045.94
2/9/2007,3049.32
2/12/2007,3007.15
2/13/2007,2984.79
2/14/2007,3023.66
2/15/2007,3090.09
2/16/2007,3074.71
2/21/2007,3127.06
2/22/2007,3118.98
2/23/2007,3138.01
2/26/2007,3131.82
2/27/2007,3060.09
2/28/2007,2942.72
3/1/2007,2929.03
3/2/2007,2916.79
3/5/2007,2827.33
3/6/2007,2876.88
3/7/2007,2896.07
3/8/2007,2949.79
3/9/2007,2978.34
3/12/2007,3022.21
3/13/2007,2992.43
3/14/2007,2897.96
3/15/2007,2940.44
3/16/2007,2906.18
3/19/2007,2952.16
3/20/2007,2956.11
3/21/2007,2999.29
3/22/2007,3062.34
3/23/2007,3050.11
3/26/2007,3047.73
3/27/2007,3074.71
3/28/2007,3044.34
3/29/2007,3069.23
3/30/2007,3068.21
4/2/2007,3077.05
4/3/2007,3112.48
4/4/2007,3161.48
4/5/2007,3166.57
4/9/2007,3220.95
4/10/2007,3241.52
4/11/2007,3241.32
4/12/2007,3190.17
4/13/2007,3197.27
4/16/2007,3238.8
4/17/2007,3238.74
4/18/2007,3231.93
4/19/2007,3117.61
4/20/2007,3188.63
4/23/2007,3218.89
4/24/2007,3206.95
4/25/2007,3202.04
4/26/2007,3247.61
4/27/2007,3246.17
4/30/2007,3208.1
5/2/2007,3257.63
5/3/2007,3288.71
5/4/2007,3328.25
5/7/2007,3330.01
5/8/2007,3291.19
5/9/2007,3304.07
5/10/2007,3315.31
5/11/2007,3297.45
5/14/2007,3351.99
5/15/2007,3327.02
5/16/2007,3358.7
5/17/2007,3384.07
5/18/2007,3375.9
5/21/2007,3375.59
5/22/2007,3400.72
5/23/2007,3428.55
5/24/2007,3399.85
5/25/2007,3357.3
5/28/2007,3379.33
5/29/2007,3398.42
5/30/2007,3381.14
6/1/2007,3419.62
6/4/2007,3447.63
6/5/2007,3443.21
6/6/2007,3436.57
6/7/2007,3411.57
6/8/2007,3355.25
6/11/2007,3409.58
6/12/2007,3425.71
6/13/2007,3411.55
6/14/2007,3432.76
6/15/2007,3436.23
6/18/2007,3484.69
6/19/2007,3495.89
6/20/2007,3491.1
6/21/2007,3498.13
6/22/2007,3480.08
6/25/2007,3446.78
6/26/2007,3399.59
6/27/2007,3376.3
6/28/2007,3403.27
6/29/2007,3415.12
7/2/2007,3416.02
7/3/2007,3438.52
7/4/2007,3423.77
7/5/2007,3414.63
7/6/2007,3423.4
7/9/2007,3485.89
7/10/2007,3480.5
7/11/2007,3455.55
7/12/2007,3481.56
7/13/2007,3511.79
7/16/2007,3512.09
7/17/2007,3508.2
7/18/2007,3447.04
7/19/2007,3472.86
7/20/2007,3521.43
7/23/2007,3507.37
7/24/2007,3538.81
7/25/2007,3509.18
7/26/2007,3456.34
7/27/2007,3367.95
7/30/2007,3398.95
7/31/2007,3420.4
8/1/2007,3305.74
8/2/2007,3307.62
8/3/2007,3316.99
8/6/2007,3195.32
8/7/2007,3204.11
8/8/2007,3320.26
8/10/2007,3262.14
8/13/2007,3284.42
8/14/2007,3294.48
8/15/2007,3182.75
8/16/2007,3054.84
8/17/2007,3033.03
8/20/2007,3222.87
8/21/2007,3135.59
8/22/2007,3229.16
8/23/2007,3280.86
8/24/2007,3277.4
8/27/2007,3297.88
8/28/2007,3257.42
8/29/2007,3246.64
8/30/2007,3238.79
8/31/2007,3307.76
9/3/2007,3300.74
9/4/2007,3288.26
9/5/2007,3354.06
9/6/2007,3378.38
9/7/2007,3403.41
9/10/2007,3355.38
9/11/2007,3407.2
9/12/2007,3419.46
9/13/2007,3416.72
9/14/2007,3449.55
9/17/2007,3390.92
9/18/2007,3394.32
9/19/2007,3508.67
9/20/2007,3469.49
9/21/2007,3458.9
9/24/2007,3552.26
9/25/2007,3541.8
9/26/2007,3568.21
9/27/2007,3631.15
9/28/2007,3622.77
10/1/2007,3673.3
10/2/2007,3718.16
10/3/2007,3678.86
10/4/2007,3710.24
10/5/2007,3749.73
10/8/2007,3753.03
10/9/2007,3797.9
10/10/2007,3751.27
10/11/2007,3813.32
10/12/2007,3796.59
10/15/2007,3801.15
10/16/2007,3744.78
10/17/2007,3782.29
10/18/2007,3758.58
10/19/2007,3697.53
10/22/2007,3592.77
10/23/2007,3637.39
10/24/2007,3589.34
10/25/2007,3654.14
10/26/2007,3718.92
10/29/2007,3768.59
10/30/2007,3743.06
10/31/2007,3746.51
11/1/2007,3743.52
11/2/2007,3655.07
11/5/2007,3606.66
11/6/2007,3636.19
11/7/2007,3631.07
11/9/2007,3560.97
11/12/2007,3464.1
11/13/2007,3437.16
11/14/2007,3497.07
11/15/2007,3450.59
11/16/2007,3407.29
11/19/2007,3373.76
11/20/2007,3394.24
11/21/2007,3293.54
11/22/2007,3256.67
11/23/2007,3273.55
11/26/2007,3371.99
11/27/2007,3328.39
11/28/2007,3325.05
11/29/2007,3428.62
11/30/2007,3486.57
12/3/2007,3475.31
12/4/2007,3491.26
12/5/2007,3529.56
12/6/2007,3523.96
12/7/2007,3523.46
12/10/2007,3519.11
12/11/2007,3564.98
12/12/2007,3525.4
12/13/2007,3451.94
12/14/2007,3439.8
12/17/2007,3325.57
12/18/2007,3348.2
12/19/2007,3331.87
12/21/2007,3379.5
12/24/2007,3416.21
12/26/2007,3458.19
12/27/2007,3461.82
12/28/2007,3430.89
12/31/2007,3465.63
1/2/2008,3444.34
1/3/2008,3375.33
1/4/2008,3416.48
1/7/2008,3335.48
1/8/2008,3321.76
1/9/2008,3344.53
1/10/2008,3311.07
1/11/2008,3287.34
1/14/2008,3218.14
1/15/2008,3154.58
1/16/2008,3058.49
1/17/2008,3139.88
1/18/2008,3104.25
1/21/2008,2917.15
1/22/2008,2866.55
1/23/2008,2983.62
1/24/2008,3050.09
1/25/2008,3159.48
1/28/2008,3041.48
1/29/2008,3050.32
1/30/2008,3000.91
1/31/2008,2982.62
2/1/2008,3008.68
2/4/2008,3077.98
2/5/2008,3039.31
2/6/2008,2932.83
2/11/2008,2869.99
2/12/2008,2927.96
2/13/2008,2951.28
2/14/2008,3047.39
2/15/2008,3090.51
2/18/2008,3085.17
2/19/2008,3099.9
2/20/2008,3028.62
2/21/2008,3056.62
2/22/2008,3050.44
2/25/2008,3066.76
2/26/2008,3079.65
2/27/2008,3096.28
2/28/2008,3075.96
2/29/2008,3028.24
3/3/2008,2928.28
3/4/2008,2921.41
3/5/2008,2912.49
3/6/2008,2919.65
3/7/2008,2867.97
3/10/2008,2838.27
3/11/2008,2862.54
3/12/2008,2919.66
3/13/2008,2807.21
3/14/2008,2840.69
3/17/2008,2794.4
3/18/2008,2839.06
3/19/2008,2838.69
3/20/2008,2830.37
3/24/2008,2933.45
3/25/2008,3005.99
3/26/2008,3001.01
3/27/2008,3031.05
3/28/2008,3037.76
3/31/2008,3013.18
4/1/2008,3052.43
4/2/2008,3130.66
4/3/2008,3177.68
4/4/2008,3161.66
4/7/2008,3191.49
4/8/2008,3139.84
4/9/2008,3099.01
4/10/2008,3073.82
4/11/2008,3136.27
4/14/2008,3052.12
4/15/2008,3065.68
4/16/2008,3096.78
4/17/2008,3135.7
4/18/2008,3135.15
4/21/2008,3182.06
4/22/2008,3198.26
4/23/2008,3205.35
4/24/2008,3189
4/25/2008,3200.7
4/28/2008,3214.31
4/29/2008,3197.29
4/30/2008,3177.73
5/2/2008,3267.33
5/5/2008,3280.38
5/6/2008,3283.99
5/7/2008,3267.08
5/8/2008,3217
5/9/2008,3207.02
5/12/2008,3225.4
5/13/2008,3249.91
5/14/2008,3245.02
5/15/2008,3254.07
5/16/2008,3288.62
5/20/2008,3250.62
5/21/2008,3247.59
5/22/2008,3210.97
5/23/2008,3171.65
5/26/2008,3157.41
5/27/2008,3169.68
5/28/2008,3187.93
5/29/2008,3216.43
5/30/2008,3248.82
6/2/2008,3244.17
6/3/2008,3209.46
6/4/2008,3189.99
6/5/2008,3199.23
6/6/2008,3202.13
6/9/2008,3138.31
6/10/2008,3086.45
6/11/2008,3100.4
6/12/2008,3073.32
6/13/2008,3032.02
6/16/2008,3090.39
6/17/2008,3081.55
6/18/2008,3093.61
6/19/2008,3045.34
6/20/2008,3054.65
6/23/2008,3031.59
6/24/2008,3014.31
6/25/2008,3039.2
6/26/2008,3033.43
6/27/2008,3007.95
6/30/2008,2999.43
7/1/2008,2957.96
7/2/2008,2957.39
7/3/2008,2931.16
7/4/2008,2943.46
7/7/2008,2985.78
7/8/2008,2937.44
7/9/2008,2968.98
7/10/2008,2952.66
7/11/2008,2978.36
7/14/2008,2955.24
7/15/2008,2880.59
7/16/2008,2885.23
7/17/2008,2914.52
7/18/2008,2897.87
7/21/2008,2970.6
7/22/2008,2942.02
7/23/2008,3032.55
7/24/2008,3031.47
7/25/2008,2975.47
7/28/2008,2962.7
7/29/2008,2938.47
7/30/2008,2978.11
7/31/2008,2989.06
8/1/2008,2965.01
8/4/2008,2934.41
8/5/2008,2918.53
8/6/2008,2951.61
8/7/2008,2898.37
8/8/2008,2870.59
8/11/2008,2888.84
8/12/2008,2880.07
8/13/2008,2877.28
8/14/2008,2882.65
8/15/2008,2863.63
8/18/2008,2846.3
8/19/2008,2799.98
8/20/2008,2826.31
8/21/2008,2787
8/22/2008,2797.09
8/25/2008,2812.85
8/26/2008,2785.83
8/27/2008,2784.31
8/28/2008,2769.81
8/29/2008,2820.19
9/1/2008,2793.26
9/2/2008,2839.74
9/3/2008,2785.79
9/4/2008,2702.96
9/5/2008,2649.6
9/8/2008,2776.01
9/9/2008,2751.5
9/10/2008,2699.21
9/11/2008,2615.56
9/12/2008,2645.96
9/15/2008,2559.37
9/16/2008,2533.52
9/17/2008,2490.14
9/18/2008,2490.05
9/19/2008,2634.01
9/22/2008,2618.63
9/23/2008,2549.03
9/24/2008,2550.16
9/25/2008,2515.82
9/26/2008,2482.08
9/29/2008,2430.5
9/30/2008,2427.99
10/2/2008,2432.82
10/3/2008,2364.39
10/6/2008,2231.83
10/7/2008,2241.32
10/8/2008,2097.02
10/9/2008,2168.27
10/10/2008,2009.07
10/13/2008,2141.09
10/14/2008,2194.67
10/15/2008,2123.6
10/16/2008,2012.04
10/17/2008,1937.07
10/20/2008,1999.68
10/21/2008,1980.68
10/22/2008,1877.91
10/23/2008,1800.09
10/24/2008,1650.17
10/28/2008,1719.08
10/29/2008,1723.94
10/30/2008,1859.32
10/31/2008,1851.35
11/3/2008,1943.76
11/4/2008,1888.39
11/5/2008,1928.78
11/6/2008,1877.56
11/7/2008,1923.28
11/10/2008,1945.5
11/11/2008,1864.94
11/12/2008,1841.24
11/13/2008,1811.79
11/14/2008,1815.73
11/17/2008,1806.36
11/18/2008,1747.38
11/19/2008,1724.15
11/20/2008,1670.69
11/21/2008,1720.53
11/24/2008,1677.25
11/25/2008,1711.37
11/26/2008,1771.79
11/27/2008,1771.16
11/28/2008,1793.99
12/1/2008,1750.15
12/2/2008,1697.29
12/3/2008,1698.73
12/4/2008,1701.94
12/5/2008,1717.99
12/9/2008,1821.1
12/10/2008,1890.77
12/11/2008,1862.18
12/12/2008,1806.32
12/15/2008,1842.05
12/16/2008,1849.66
12/17/2008,1846.74
12/18/2008,1867.16
12/19/2008,1869.57
12/22/2008,1817.66
12/23/2008,1795.71
12/24/2008,1808.67
12/26/2008,1796.82
12/29/2008,1854.05
12/30/2008,1843.72
12/31/2008,1834.26
1/2/2009,1905.22
1/5/2009,2004.31
1/6/2009,1992.63
1/7/2009,1958.19
1/8/2009,1903.03
1/9/2009,1880.55
1/12/2009,1849.55
1/13/2009,1834.52
1/14/2009,1837.54
1/15/2009,1774.38
1/16/2009,1801.86
1/19/2009,1819.09
1/20/2009,1794.48
1/21/2009,1774.86
1/22/2009,1779.28
1/23/2009,1754.77
1/28/2009,1838.96
1/29/2009,1841.18
1/30/2009,1820.67
2/2/2009,1777.74
2/3/2009,1784.66
2/4/2009,1780.42
2/5/2009,1777.51
2/6/2009,1788.72
2/9/2009,1754.3
2/10/2009,1776.15
2/11/2009,1795.63
2/12/2009,1757.04
2/13/2009,1778.6
2/16/2009,1752.6
2/17/2009,1707.98
2/18/2009,1721.69
2/19/2009,1699.04
2/20/2009,1663.16
2/23/2009,1700.45
2/24/2009,1683.49
2/25/2009,1685.95
2/26/2009,1686.63
2/27/2009,1663.09
3/2/2009,1598.99
3/3/2009,1593.9
3/4/2009,1610.4
3/5/2009,1583.61
3/6/2009,1577.84
3/9/2009,1519.27
3/10/2009,1549.31
3/11/2009,1569.91
3/12/2009,1557.42
3/13/2009,1645
3/16/2009,1654.17
3/17/2009,1625.72
3/18/2009,1648.87
3/19/2009,1658.2
3/20/2009,1670.82
3/23/2009,1741.08
3/24/2009,1785.31
3/25/2009,1769.97
3/26/2009,1840.19
3/27/2009,1826.45
3/30/2009,1750.57
3/31/2009,1778.66
4/1/2009,1781.03
4/2/2009,1886.8
4/3/2009,1905.13
4/6/2009,1933.5
4/8/2009,1866.51
4/9/2009,1913.13
4/13/2009,1963.62
4/14/2009,1987.91
4/15/2009,1997.3
4/16/2009,1982.38
4/20/2009,1965.36
4/21/2009,1978.36
4/22/2009,1933.63
4/23/2009,1951.62
4/27/2009,1912.94
4/28/2009,1908.32
4/29/2009,1952.25
4/30/2009,2028.37
5/4/2009,2143.59
5/5/2009,2192.48
5/6/2009,2306.91
5/7/2009,2379.31
5/8/2009,2375.71
5/11/2009,2299.17
5/12/2009,2311.94
5/13/2009,2320.49
5/14/2009,2253.41
5/15/2009,2272.99
5/18/2009,2312.5
5/19/2009,2401.08
5/20/2009,2414.04
5/21/2009,2352.05
5/22/2009,2388.54
5/25/2009,2412.14
5/26/2009,2381.64
5/27/2009,2453.78
5/28/2009,2439.83
5/29/2009,2478.26
6/1/2009,2532.51
6/2/2009,2527.99
6/3/2009,2536.5
6/4/2009,2514.07
6/5/2009,2549.83
6/8/2009,2483.17
6/9/2009,2500.37
6/10/2009,2544.37
6/11/2009,2534.36
6/12/2009,2529.31
6/15/2009,2464.93
6/16/2009,2434.72
6/17/2009,2416.93
6/18/2009,2380.49
6/19/2009,2418.77
6/22/2009,2412.11
6/23/2009,2368.68
6/24/2009,2424.92
6/25/2009,2449.93
6/26/2009,2466.41
6/29/2009,2465.58
6/30/2009,2482.58
7/1/2009,2503.22
7/2/2009,2469.47
7/3/2009,2447.05
7/6/2009,2411.23
7/7/2009,2417.8
7/10/2009,2455.8
7/13/2009,2411.82
7/14/2009,2458.54
7/15/2009,2542.46
7/16/2009,2554.8
7/17/2009,2586.66
7/20/2009,2613.46
7/21/2009,2611.53
7/22/2009,2607.8
7/23/2009,2644.05
7/24/2009,2695.69
7/27/2009,2742.28
7/28/2009,2792.71
7/29/2009,2771.74
7/30/2009,2806.58
7/31/2009,2831.08
8/3/2009,2854.97
8/4/2009,2819.97
8/5/2009,2784.44
8/6/2009,2778.75
8/7/2009,2723.05
8/11/2009,2774.26
8/12/2009,2746.5
8/13/2009,2793.83
8/14/2009,2812.36
8/17/2009,2721.46
8/18/2009,2745.09
8/19/2009,2700.53
8/20/2009,2743.03
8/21/2009,2727.56
8/24/2009,2799.87
8/25/2009,2807.46
8/26/2009,2821.14
8/27/2009,2835.95
8/28/2009,2837.06
8/31/2009,2787.63
9/1/2009,2791.38
9/2/2009,2762.94
9/3/2009,2793.5
9/4/2009,2819.65
9/7/2009,2842.51
9/8/2009,2860.74
9/9/2009,2849.54
9/10/2009,2883.44
9/11/2009,2882.38
9/14/2009,2837.99
9/15/2009,2836.55
9/16/2009,2875.27
9/17/2009,2873.32
9/18/2009,2846.77
9/22/2009,2887.32
9/23/2009,2887.65
9/24/2009,2867.76
9/25/2009,2862.8
9/28/2009,2826.71
9/29/2009,2863.33
9/30/2009,2873.29
10/1/2009,2857.01
10/2/2009,2800.13
10/5/2009,2777.77
10/7/2009,2832.49
10/9/2009,2851.72
10/12/2009,2881.77
10/13/2009,2868.8
10/15/2009,2915.83
10/19/2009,2917.4
10/20/2009,2916.74
10/21/2009,2896.8
10/23/2009,2921.32
10/26/2009,2922.69
10/28/2009,2850.59
10/29/2009,2832.66
10/30/2009,2852.91
11/2/2009,2847.27
11/3/2009,2821.57
11/4/2009,2851.38
11/5/2009,2830.61
11/6/2009,2861.69
11/9/2009,2899.54
11/10/2009,2914.86
11/11/2009,2950.36
11/12/2009,2935.08
11/13/2009,2936.29
11/16/2009,2997.24
11/17/2009,2976.9
11/19/2009,2973.21
11/20/2009,2976.17
11/23/2009,3015.34
11/24/2009,2996.46
11/25/2009,3010.32
12/16/2009,3036.61
12/17/2009,3035.89
12/18/2009,3030.44
12/21/2009,3013.38
12/22/2009,3053.4
12/23/2009,3072.58
12/24/2009,3068.41
12/28/2009,3087.84
12/29/2009,3103.07
12/30/2009,3113.88
12/31/2009,3133.2
1/4/2010,3129.88
1/5/2010,3157.7
1/6/2010,3168.75
1/7/2010,3150.1
1/8/2010,3160.39
1/11/2010,3172.03
1/13/2010,3123.2
1/14/2010,3146.07
1/15/2010,3144.88
1/18/2010,3148.77
1/19/2010,3149.75
1/20/2010,3128.34
1/21/2010,3082.77
1/22/2010,3048.95
1/25/2010,3040.31
1/26/2010,2963.13
1/27/2010,2926.28
1/28/2010,2982.59
1/29/2010,2969.26
2/1/2010,2961.63
2/2/2010,2945.07
2/3/2010,2992.66
2/4/2010,2971.16
2/5/2010,2904.68
2/8/2010,2915.57
2/9/2010,2971.21
2/10/2010,2959.71
2/11/2010,2980.53
2/12/2010,2986.24
4/27/2010,3262.14
4/28/2010,3197.1
4/29/2010,3226.51
4/30/2010,3243.52
5/3/2010,3212.1
5/4/2010,3167.15
5/5/2010,3124.09
5/6/2010,3101.52
5/7/2010,3086.94
5/10/2010,3151.9
5/11/2010,3126.94
5/12/2010,3152.88
5/13/2010,3139.3
5/14/2010,3125.39
5/17/2010,3103.61
5/18/2010,3115.28
5/19/2010,3038.83
5/20/2010,3022.1
5/21/2010,2964.69
5/24/2010,2989.57
5/25/2010,2909.17
5/26/2010,2959.01
5/27/2010,3006.94
5/31/2010,3021.11
6/1/2010,2980.32
6/2/2010,2993.64
6/3/2010,3065.96
6/4/2010,3081.14
6/7/2010,3021.17
6/8/2010,3015.38
6/9/2010,3014.49
6/10/2010,3051.58
6/11/2010,3069.93
6/14/2010,3093.84
6/15/2010,3093.99
6/16/2010,3125.53
6/17/2010,3122.25
6/18/2010,3110.66
6/21/2010,3168.01
6/22/2010,3153.37
6/23/2010,3151.99
6/24/2010,3126.26
6/25/2010,3130.68
6/28/2010,3150.83
6/29/2010,3107.31
6/30/2010,3112.98
7/1/2010,3096.34
7/2/2010,3122.51
7/5/2010,3122.32
7/6/2010,3148.67
7/7/2010,3140.99
7/8/2010,3180.65
7/9/2010,3202.63
7/12/2010,3211.57
7/13/2010,3215.29
7/14/2010,3241.75
7/15/2010,3231.59
7/16/2010,3247.15
7/19/2010,3233.64
7/20/2010,3237.15
7/21/2010,3213.05
7/22/2010,3245.53
7/23/2010,3265.07
7/26/2010,3257.96
7/27/2010,3271.92
7/28/2010,3279.18
7/29/2010,3292.65
7/30/2010,3282.6
8/2/2010,3323.63
8/3/2010,3312.35
8/4/2010,3300.54
8/5/2010,3305.92
8/6/2010,3300.94
8/10/2010,3289.08
8/11/2010,3250.47
8/12/2010,3225.98
8/13/2010,3240.61
8/16/2010,3233.49
8/17/2010,3222.81
8/18/2010,3222.21
8/19/2010,3252.88
8/20/2010,3244.5
8/23/2010,3232.92
8/24/2010,3229.44
8/25/2010,3237.11
8/26/2010,3236.36
8/27/2010,3250.6
8/30/2010,3271.89
8/31/2010,3264.44
9/1/2010,3300.39
9/2/2010,3304.64
9/3/2010,3322.23
9/6/2010,3357.66
9/7/2010,3359.33
9/8/2010,3336.56
9/9/2010,3348.59
9/13/2010,3397.93
9/14/2010,3377.81
9/15/2010,3402.61
9/16/2010,3398.26
9/17/2010,3408.52
9/20/2010,3413.63
9/21/2010,3429.59
9/22/2010,3430.38
9/23/2010,3416.01
9/24/2010,3426.59
9/27/2010,3449.62
9/28/2010,3431.76
9/29/2010,3441.39
9/30/2010,3432.08
10/1/2010,3468.94
10/4/2010,3498.36
10/5/2010,3503.8
10/6/2010,3534.49
10/7/2010,3508.55
10/8/2010,3493.8
10/11/2010,3504.96
10/12/2010,3491.47
10/13/2010,3550
10/14/2010,3542.09
10/15/2010,3552.34
10/18/2010,3526.84
10/19/2010,3539.06
10/20/2010,3524.49
10/21/2010,3507.17
10/22/2010,3518.31
10/25/2010,3527.74
10/26/2010,3506.04
10/27/2010,3463.77
10/28/2010,3470.14
10/29/2010,3484.69
11/1/2010,3540.19
11/2/2010,3554.71
11/3/2010,3577.04
11/4/2010,3594.05
11/8/2010,3660.7
11/9/2010,3675.36
11/10/2010,3648.33
11/11/2010,3652.92
11/12/2010,3607.18
11/15/2010,3590.32
11/16/2010,3563.08
11/18/2010,3566.54
11/19/2010,3546.74
11/22/2010,3539.58
11/23/2010,3469.76
11/24/2010,3481.64
11/25/2010,3506.3
11/26/2010,3505.03
11/29/2010,3505.18
11/30/2010,3490.18
12/1/2010,3531.51
12/2/2010,3549.29
12/3/2010,3520.97
12/6/2010,3530.92
12/7/2010,3542.54
12/8/2010,3554.66
12/9/2010,3566.84
12/10/2010,3539.31
12/13/2010,3535.86
12/14/2010,3529.85
12/15/2010,3496.84
12/16/2010,3497.36
12/17/2010,3503.29
12/20/2010,3481.02
12/21/2010,3495.38
12/22/2010,3500.35
12/23/2010,3493.08
12/24/2010,3499.78
12/27/2010,3517.1
12/28/2010,3544.19
12/29/2010,3571.15
12/30/2010,3576.22
12/31/2010,3551.25
1/3/2011,3602.16
1/4/2011,3618.33
1/5/2011,3622.74
1/6/2011,3651.07
1/7/2011,3630.64
1/10/2011,3594.93
1/11/2011,3608.54
1/12/2011,3612.37
1/13/2011,3624.53
1/14/2011,3613.5
1/17/2011,3605.35
1/18/2011,3617.54
1/19/2011,3609.05
1/20/2011,3568.45
1/21/2011,3545.2
1/24/2011,3546.49
1/25/2011,3541.36
1/26/2011,3586.17
1/27/2011,3585.12
1/28/2011,3596.09
1/31/2011,3540.45
2/1/2011,3548.12
2/2/2011,3577.52
2/7/2011,3556.95
2/8/2011,3549.34
2/9/2011,3510.57
2/10/2011,3458.01
2/11/2011,3428.9
2/14/2011,3459.15
2/15/2011,3432.67
2/16/2011,3448.35
2/17/2011,3435.09
2/18/2011,3439.65
2/21/2011,3421.47
2/22/2011,3364.1
2/23/2011,3344.87
2/24/2011,3312.8
2/25/2011,3370.84
2/28/2011,3354.51
3/1/2011,3418.12
3/2/2011,3373.45
3/3/2011,3384.42
3/4/2011,3411.12
3/7/2011,3416.92
3/8/2011,3458.51
3/9/2011,3446.32
3/10/2011,3426.86
3/11/2011,3391.26
3/14/2011,3377.18
3/15/2011,3282.72
3/16/2011,3317.23
3/17/2011,3285.82
3/18/2011,3277.9
3/21/2011,3331.2
3/22/2011,3352.68
3/23/2011,3374.39
3/24/2011,3397.65
3/25/2011,3428.71
3/28/2011,3413.68
3/29/2011,3413.2
3/30/2011,3456.03
3/31/2011,3467.79
4/1/2011,3484.11
4/4/2011,3506.61
4/5/2011,3513.45
4/6/2011,3539.78
4/7/2011,3541.26
4/8/2011,3558.74
4/11/2011,3528.74
4/12/2011,3503.68
4/13/2011,3541.74
4/14/2011,3527.04
4/15/2011,3521.36
4/18/2011,3511.39
4/19/2011,3495.18
4/20/2011,3540.4
4/21/2011,3572.76
4/25/2011,3567.07
4/26/2011,3555.39
4/27/2011,3567.56
4/28/2011,3571.2
4/29/2011,3567.04
5/3/2011,3539.58
5/4/2011,3495.62
5/5/2011,3497.04
5/6/2011,3487.21
5/9/2011,3532.24
5/10/2011,3553.99
5/11/2011,3577.55
5/12/2011,3530.88
5/13/2011,3568.37
5/16/2011,3539.42
5/18/2011,3545.19
5/19/2011,3580.57
5/20/2011,3576.03
5/23/2011,3510.51
5/24/2011,3513.45
5/25/2011,3519.72
5/26/2011,3525.43
5/27/2011,3538.77
5/30/2011,3544.5
5/31/2011,3566.32
6/1/2011,3581.96
6/2/2011,3568.11
6/3/2011,3551.26
6/6/2011,3515.2
6/7/2011,3517.71
6/8/2011,3503.07
6/9/2011,3496.96
6/10/2011,3475.26
6/13/2011,3453.46
6/14/2011,3451.6
6/15/2011,3448.7
6/16/2011,3409.54
6/17/2011,3392.77
6/20/2011,3402.15
6/21/2011,3447.22
6/22/2011,3435.16
6/23/2011,3437.29
6/24/2011,3462.28
6/27/2011,3441.31
6/28/2011,3444.14
6/29/2011,3476.83
6/30/2011,3522.77
7/1/2011,3543.73
7/4/2011,3560.03
7/5/2011,3533.22
7/6/2011,3516.31
7/7/2011,3528.91
7/8/2011,3557.59
7/11/2011,3519.31
7/12/2011,3474.15
7/13/2011,3486.63
7/14/2011,3486.94
7/15/2011,3481.91
7/18/2011,3475.94
7/19/2011,3495.32
7/20/2011,3529.65
7/21/2011,3543.17
7/22/2011,3593.35
7/25/2011,3581.16
7/26/2011,3598.5
7/27/2011,3609.2
7/28/2011,3605.03
7/29/2011,3604.36
8/1/2011,3633.75
8/2/2011,3593.52
8/3/2011,3540.64
8/4/2011,3514.25
8/5/2011,3395.93
8/8/2011,3276.7
8/10/2011,3205.23
8/11/2011,3176.97
8/15/2011,3266.19
8/16/2011,3224
8/17/2011,3222.32
8/19/2011,3115.31
8/22/2011,3113.24
8/23/2011,3151.23
8/24/2011,3099.66
8/25/2011,3152.88
8/26/2011,3132.86
8/29/2011,3182.69
8/31/2011,3289.43
9/1/2011,3271.74
9/2/2011,3244.25
9/5/2011,3164.47
9/6/2011,3165.78
9/7/2011,3231.75
9/8/2011,3260.01
9/9/2011,3223.72
9/12/2011,3130.7
9/13/2011,3114.48
9/14/2011,3125.87
9/15/2011,3156.23
9/16/2011,3182.57
9/19/2011,3146.28
9/20/2011,3173.21
9/21/2011,3185.72
9/22/2011,3104.4
9/23/2011,3079.61
9/26/2011,3028.84
9/27/2011,3110.53
9/28/2011,3082.31
9/29/2011,3090.24
9/30/2011,3052.63
10/3/2011,2991.28
10/4/2011,2888.15
10/5/2011,2885.51
10/6/2011,2970.43
10/7/2011,3012.84
10/10/2011,3044.8
10/11/2011,3075.07
10/12/2011,3126.11
10/13/2011,3121.79
10/14/2011,3133.44
10/17/2011,3173.18
10/18/2011,3111.2
10/19/2011,3106.09
10/20/2011,3076.17
10/21/2011,3097.18
10/24/2011,3153.33
10/25/2011,3163.6
10/27/2011,3252.27
10/28/2011,3318.68
10/31/2011,3261.63
11/1/2011,3185.77
11/2/2011,3238.16
11/3/2011,3209.94
11/4/2011,3255.04
11/8/2011,3275.94
11/9/2011,3266.96
11/10/2011,3184.95
11/11/2011,3189.73
11/14/2011,3234.53
11/15/2011,3213.75
11/16/2011,3209.02
11/17/2011,3176.38
11/18/2011,3121.61
11/21/2011,3084.62
11/22/2011,3106.59
11/23/2011,3060.13
11/24/2011,3060.79
11/25/2011,3022.82
11/28/2011,3080.55
11/29/2011,3073.31
11/30/2011,3089.73
12/1/2011,3157.67
12/2/2011,3170.79
12/5/2011,3162.64
12/6/2011,3143.22
12/7/2011,3181.3
12/8/2011,3122.62
12/9/2011,3084.04
12/12/2011,3092.2
12/13/2011,3073.91
12/14/2011,3058.62
12/15/2011,3016.11
12/16/2011,3043.55
12/19/2011,2996.47
12/20/2011,2999.1
12/21/2011,3066.63
12/22/2011,3056.85
12/23/2011,3070.24
12/27/2011,3066.97
12/28/2011,3058.52
12/29/2011,3066.01
12/30/2011,3035.69
1/3/2012,3083.89
1/4/2012,3109.88
1/5/2012,3112.17
1/6/2012,3115.12
1/9/2012,3087.23
1/10/2012,3119.98
1/11/2012,3151.3
1/12/2012,3147.31
1/13/2012,3202.24
1/16/2012,3162.03
1/17/2012,3230.13
1/18/2012,3206.66
1/19/2012,3224.8
1/20/2012,3268.59
1/25/2012,3317.07
1/26/2012,3320.67
1/27/2012,3345.72
1/30/2012,3313.63
1/31/2012,3337.42
2/1/2012,3335.2
2/2/2012,3330.94
2/3/2012,3350.35
2/6/2012,3375.78
2/7/2012,3396.08
2/8/2012,3424.12
2/9/2012,3422.93
2/10/2012,3398.63
2/13/2012,3417.38
2/14/2012,3430.1
2/15/2012,3457.97
2/16/2012,3418.38
2/17/2012,3445.24
2/20/2012,3468.88
2/21/2012,3473.34
2/22/2012,3439.49
2/23/2012,3408.21
2/24/2012,3419.39
2/27/2012,3383.45
2/28/2012,3409.8
2/29/2012,3437.74
3/1/2012,3420.26
3/2/2012,3437.08
3/6/2012,3366.49
3/7/2012,3344.84
3/8/2012,3410.54
3/9/2012,3402.24
3/12/2012,3401.13
3/13/2012,3432.01
3/14/2012,3482.13
3/15/2012,3481.49
3/16/2012,3464.05
3/19/2012,3440.35
3/20/2012,3454.9
3/21/2012,3458.23
3/22/2012,3427.88
3/23/2012,3440.34
3/26/2012,3422.41
3/27/2012,3473.51
3/28/2012,3470.14
3/29/2012,3444.95
3/30/2012,3463.79
4/2/2012,3470.25
4/3/2012,3468.99
4/4/2012,3434.54
4/5/2012,3435.88
4/9/2012,3405.85
4/10/2012,3431.55
4/11/2012,3390.13
4/12/2012,3426.61
4/13/2012,3437.74
4/16/2012,3443.12
4/17/2012,3436.76
4/18/2012,3452.85
4/19/2012,3461.64
4/20/2012,3445.83
4/23/2012,3411.51
4/24/2012,3426.08
4/25/2012,3437.32
4/26/2012,3440.96
4/27/2012,3445.95
4/30/2012,3445.83
5/2/2012,3478.6
5/3/2012,3472.58
5/4/2012,3461.6
5/7/2012,3395.18
5/8/2012,3403.34
5/9/2012,3376.57
5/10/2012,3380.14
5/11/2012,3356.63
5/14/2012,3334.19
5/15/2012,3350.1
5/16/2012,3297.05
5/17/2012,3287.11
5/18/2012,3236.44
5/21/2012,3249.33
5/22/2012,3288.44
5/23/2012,3237.97
5/24/2012,3236.94
5/25/2012,3229.05
5/28/2012,3245.89
5/29/2012,3262.93
5/30/2012,3242.09
5/31/2012,3229.88
6/1/2012,3198.62
6/4/2012,3144.08
6/5/2012,3159.7
6/6/2012,3216.23
6/7/2012,3214.4
6/8/2012,3189.51
6/11/2012,3247.67
6/12/2012,3258.47
6/13/2012,3246.58
6/14/2012,3231.36
6/15/2012,3274.68
6/18/2012,3290.08
6/19/2012,3311.27
6/20/2012,3326.72
6/21/2012,3296.98
6/22/2012,3294.59
6/25/2012,3279.64
6/26/2012,3268.42
6/27/2012,3310.32
6/28/2012,3316.41
6/29/2012,3353.25
7/2/2012,3390.69
7/3/2012,3431.17
7/4/2012,3435.18
7/5/2012,3461.62
7/6/2012,3469.87
7/9/2012,3412.23
7/10/2012,3453.63
7/11/2012,3482.4
7/12/2012,3462.28
7/13/2012,3489.68
7/16/2012,3493.4
7/17/2012,3512.1
7/18/2012,3514.9
7/19/2012,3528.59
7/20/2012,3512.94
7/23/2012,3474.87
7/24/2012,3495.09
7/25/2012,3489.37
7/26/2012,3505.3
7/27/2012,3498.2
7/30/2012,3539
7/31/2012,3543.2
8/1/2012,3560.33
8/2/2012,3542.95
8/3/2012,3560.62
8/6/2012,3593.71
8/7/2012,3588.93
8/8/2012,3576.05
8/10/2012,3578.73
8/13/2012,3591.17
8/14/2012,3618.15
8/15/2012,3598.76
8/16/2012,3599.68
8/17/2012,3600.12
8/21/2012,3604.43
8/22/2012,3585.91
8/23/2012,3594.03
8/24/2012,3587.12
8/27/2012,3580.07
8/28/2012,3574.87
8/29/2012,3576.95
8/30/2012,3544.93
8/31/2012,3561
9/3/2012,3551.29
9/4/2012,3544.61
9/5/2012,3526.2
9/6/2012,3518.38
9/7/2012,3544.79
9/10/2012,3541.29
9/11/2012,3550.33
9/12/2012,3565.93
9/13/2012,3566.5
9/14/2012,3613.91
9/17/2012,3623.68
9/18/2012,3611.04
9/19/2012,3620.04
9/20/2012,3604.72
9/21/2012,3623.1
9/24/2012,3610.98
9/25/2012,3610.04
9/26/2012,3587.99
9/27/2012,3603.01
9/28/2012,3604.08
10/1/2012,3601.15
10/2/2012,3626.22
10/3/2012,3623.87
10/4/2012,3635.05
10/5/2012,3660.06
10/8/2012,3623.29
10/9/2012,3610.64
10/10/2012,3572.83
10/11/2012,3571.48
10/12/2012,3582.19
10/15/2012,3583.72
10/16/2012,3588.15
10/17/2012,3586.81
10/18/2012,3604.1
10/19/2012,3590.63
10/22/2012,3586.8
10/23/2012,3593
10/24/2012,3586.24
10/25/2012,3602.06
10/29/2012,3569.19
10/30/2012,3579.94
10/31/2012,3579.51
11/1/2012,3565.66
11/2/2012,3582.32
11/5/2012,3571.84
11/6/2012,3558.19
11/7/2012,3586.39
11/8/2012,3550.27
11/9/2012,3547.11
11/12/2012,3545.21
11/14/2012,3510.39
11/15/2012,3472.54
11/16/2012,3472.93
11/19/2012,3479.18
11/20/2012,3488.49
11/21/2012,3490.22
11/22/2012,3521.28
11/23/2012,3524.4
11/26/2012,3542.34
11/27/2012,3551.59
11/28/2012,3551.43
11/29/2012,3591.67
11/30/2012,3620.03
12/3/2012,3615.06
12/4/2012,3610.79
12/5/2012,3627.07
12/6/2012,3629.74
12/7/2012,3667.31
12/10/2012,3675.84
12/11/2012,3680.55
12/12/2012,3707.98
12/13/2012,3725.67
12/14/2012,3739.68
12/17/2012,3728.2
12/18/2012,3725.95
12/19/2012,3728.05
12/20/2012,3748.05
12/21/2012,3733.94
12/24/2012,3746.76
12/26/2012,3761.24
12/27/2012,3764.93
12/28/2012,3774.22
12/31/2012,3745
1/2/2013,3785.98
1/3/2013,3813.25
1/4/2013,3813.74
1/7/2013,3805.51
1/8/2013,3790.45
1/9/2013,3808.06
1/10/2013,3814.96
1/11/2013,3803.44
1/14/2013,3791.71
1/15/2013,3779.27
1/16/2013,3793.98
1/17/2013,3778.13
1/18/2013,3797.19
1/21/2013,3809.13
1/22/2013,3807.4
1/23/2013,3820.85
1/24/2013,3841.41
1/25/2013,3866.15
1/28/2013,3872.13
1/29/2013,3855.39
1/30/2013,3886.31
1/31/2013,3882.48
2/1/2013,3894.68
2/4/2013,3902.05
2/5/2013,3872.81
2/6/2013,3877.39
2/7/2013,3859.92
2/8/2013,3870.01
2/13/2013,3906.39
2/14/2013,3893.88
2/15/2013,3885.12
2/18/2013,3891.13
2/19/2013,3900.16
2/20/2013,3915.69
2/21/2013,3890.49
2/22/2013,3891.11
2/25/2013,3891.86
2/26/2013,3851.03
2/27/2013,3859.16
2/28/2013,3869.6
3/1/2013,3869.07
3/4/2013,3834.11
3/5/2013,3843.94
3/6/2013,3895.47
3/7/2013,3903.43
3/8/2013,3892.77
3/11/2013,3896.85
3/12/2013,3908.74
3/13/2013,3891.58
3/14/2013,3880.91
3/15/2013,3888.66
3/18/2013,3853.66
3/19/2013,3868.64
3/20/2013,3850.89
3/21/2013,3873.7
3/22/2013,3862.94
3/25/2013,3873.5
3/26/2013,3898.45
3/27/2013,3927.51
3/28/2013,3921.66
4/1/2013,3921.04
4/2/2013,3932.9
4/3/2013,3937.86
4/4/2013,3921.3
4/5/2013,3911.79
4/8/2013,3893.81
4/9/2013,3907.99
4/10/2013,3904.05
4/11/2013,3922.48
4/12/2013,3905.17
4/15/2013,3893.523046
4/16/2013,3902.078211
4/17/2013,3902.456105
4/18/2013,3908.281391
4/19/2013,3905.532166
4/22/2013,3923.625457
4/23/2013,3894.491532
4/24/2013,3945.382096
4/25/2013,3965.034713
4/26/2013,3981.280801
4/29/2013,4008.789163
4/30/2013,4016.255367
5/2/2013,4057.3681
5/3/2013,4021.999791
5/6/2013,4043.444329
5/7/2013,4046.065157
5/8/2013,4082.641418
5/9/2013,4106.279377
5/10/2013,4121.257679
5/13/2013,4110.319408
5/14/2013,4116.076204
5/15/2013,4127.125274
5/16/2013,4140.020474
5/17/2013,4136.44599
5/20/2013,4142.353334
5/21/2013,4129.975559
5/22/2013,4142.526303
5/23/2013,4069.140442
5/27/2013,4066.89
5/28/2013,4084.620869
5/29/2013,4038.320082
5/30/2013,4000.592463
5/31/2013,3971.042667
6/3/2013,3946.709614
6/4/2013,3947.028715
6/5/2013,3889.567351
6/6/2013,3829.700833
6/7/2013,3819.155893
6/10/2013,3838.091767
6/11/2013,3801.966953
6/12/2013,3781.697081
6/13/2013,3754.361087
6/14/2013,3791.22665
6/17/2013,3817.625808
6/18/2013,3872.915222
6/19/2013,3854.018787
6/20/2013,3757.452642
6/21/2013,3746.878524
6/24/2013,3686.759094
6/25/2013,3705.485762
6/26/2013,3722.841453
6/27/2013,3739.18271
6/28/2013,3778.050967
7/1/2013,3766.642126
7/2/2013,3805.483232
7/3/2013,3752.924363
7/4/2013,3774.064813
7/5/2013,3801.181451
7/8/2013,3784.085327
7/9/2013,3811.854989
7/10/2013,3823.14094
7/11/2013,3896.147117
7/12/2013,3880.730988
7/15/2013,3881.637155
7/16/2013,3867.412335
7/17/2013,3847.476768
7/18/2013,3859.30892
7/19/2013,3853.383601
7/22/2013,3878.6713
7/23/2013,3904.127945
7/24/2013,3929.329244
7/25/2013,3885.355933
7/26/2013,3885.861892
7/29/2013,3886.906364
7/30/2013,3898.312696
7/31/2013,3870.058096
8/1/2013,3895.718026
8/2/2013,3908.736798
8/5/2013,3906.517503
8/6/2013,3886.152131
8/7/2013,3892.19899
8/12/2013,3901.579981
8/13/2013,3915.923733
8/14/2013,3921.948471
8/15/2013,3895.864854
8/16/2013,3868.31689
8/19/2013,3839.038478
8/20/2013,3785.963408
8/21/2013,3765.868848
8/22/2013,3742.142773
8/23/2013,3742.178318
8/26/2013,3740.159048
8/27/2013,3679.38334
8/28/2013,3643.526106
8/29/2013,3684.581958
8/30/2013,3673.55695
9/2/2013,3706.03299
9/3/2013,3704.895362
9/4/2013,3657.158608
9/5/2013,3686.305511
9/6/2013,3697.099831
9/9/2013,3745.428744
9/10/2013,3788.71161
9/11/2013,3769.672128
9/12/2013,3785.312765
9/13/2013,3784.368493
9/16/2013,3856.13868
9/17/2013,3857.88698
9/18/2013,3873.570199
9/19/2013,3943.824646
9/20/2013,3926.539864
9/23/2013,3898.304951
9/24/2013,3895.276369
9/25/2013,3893.323661
9/26/2013,3876.005788
9/27/2013,3895.261061
9/30/2013,3843.927899
10/1/2013,3860.468106
10/2/2013,3825.369196
10/3/2013,3815.923079
10/4/2013,3807.776005
10/7/2013,3805.968463
10/8/2013,3817.998207
10/9/2013,3828.113944
10/10/2013,3846.397196
10/11/2013,3858.295645
10/14/2013,3840.746586
10/16/2013,3851.401063
10/17/2013,3866.679807
10/18/2013,3874.305274
10/21/2013,3877.772684
10/22/2013,3895.306311
10/23/2013,3889.213502
10/24/2013,3905.1698
10/25/2013,3889.744077
10/28/2013,3892.913222
10/29/2013,3895.045056
10/30/2013,3921.292659
10/31/2013,3897.298286
11/1/2013,3885.794682
11/4/2013,3889.124731
11/5/2013,3891.879482
11/6/2013,3891.580151
11/7/2013,3887.705917
11/8/2013,3857.533929
11/11/2013,3869.030896
11/12/2013,3861.170563
11/13/2013,3845.193387
11/14/2013,3874.740145
11/15/2013,3887.115913
11/18/2013,3890.023184
11/19/2013,3876.722602
11/20/2013,3867.911596
11/21/2013,3853.510151
11/22/2013,3854.087858
11/25/2013,3863.56701
11/26/2013,3854.886757
11/27/2013,3853.129996
11/28/2013,3870.504805
11/29/2013,3858.334724
12/2/2013,3873.408896
12/3/2013,3872.090051
12/4/2013,3839.325456
12/5/2013,3795.212965
12/6/2013,3786.243832
12/9/2013,3785.598866
12/10/2013,3746.787531
12/11/2013,3721.28296
12/12/2013,3719.219818
12/13/2013,3727.700477
12/16/2013,3712.804359
12/17/2013,3729.587387
12/18/2013,3722.544117
12/19/2013,3740.0331
12/20/2013,3769.568934
12/23/2013,3796.053794
12/24/2013,3809.545371
12/26/2013,3818.159568
12/27/2013,3836.915268
12/30/2013,3841.219287
12/31/2013,3858.440199
1/2/2014,3867.227814
1/3/2014,3814.632765
1/6/2014,3805.313635
1/7/2014,3801.726839
1/8/2014,3837.999425
1/9/2014,3831.618118
1/10/2014,3829.736354
1/13/2014,3819.526614
1/14/2014,3805.234901
1/15/2014,3828.988472
1/16/2014,3825.565069
1/17/2014,3833.955251
1/20/2014,3811.371078
1/21/2014,3817.424872
1/22/2014,3817.395187
1/23/2014,3776.587623
1/24/2014,3747.043485
1/27/2014,3706.164636
1/28/2014,3730.979731
1/29/2014,3714.358716
1/30/2014,3689.113743
2/3/2014,3644.916389
2/4/2014,3614.267827
2/5/2014,3607.311125
2/6/2014,3641.653641
2/7/2014,3671.963896
2/10/2014,3676.909326
2/11/2014,3691.411929
2/12/2014,3699.153748
2/13/2014,3704.569126
2/14/2014,3703.115887
2/17/2014,3743.051251
2/18/2014,3744.877033
2/19/2014,3766.840523
2/20/2014,3764.217478
2/21/2014,3780.427719
2/24/2014,3787.635833
2/25/2014,3784.928451
2/26/2014,3766.182849
2/27/2014,3776.536852
2/28/2014,3793.649609
3/3/2014,3765.233333
3/4/2014,3786.248564
3/5/2014,3800.796143
3/6/2014,3816.087591
3/7/2014,3824.730628
3/10/2014,3812.98689
3/11/2014,3816.35751
3/12/2014,3777.375398
3/13/2014,3757.81418
3/14/2014,3748.461182
3/17/2014,3770.918043
3/18/2014,3773.002591
3/19/2014,3764.813068
3/20/2014,3736.025384
3/21/2014,3755.82136
3/24/2014,3802.795513
3/25/2014,3793.425622
3/26/2014,3841.275028
3/27/2014,3864.661363
3/28/2014,3876.528299
3/31/2014,3896.63681
4/1/2014,3908.731668
4/2/2014,3901.7133
4/3/2014,3935.055941
4/4/2014,3926.084965
4/7/2014,3902.699619
4/8/2014,3915.540624
4/9/2014,3922.662237
4/10/2014,3914.919153
4/11/2014,3908.368705
4/14/2014,3928.665627
4/15/2014,3967.149751
4/16/2014,3975.967506
4/17/2014,3976.707092
4/21/2014,3979.19147
4/22/2014,4005.704366
4/23/2014,3988.010444
4/24/2014,4019.74089
4/25/2014,4000.670144
4/28/2014,3982.964899
4/29/2014,3987.740945
4/30/2014,4021.655774
5/2/2014,4012.477087
5/5/2014,3999.852592
5/6/2014,4006.368129
5/7/2014,3995.098329
5/8/2014,4009.000785
5/9/2014,4014.480583
5/12/2014,3985.994064
5/14/2014,4031.775611
5/15/2014,4049.994469
5/16/2014,4037.75
5/19/2014,4037.55
5/20/2014,4041.307621
5/21/2014,4036.750677
5/22/2014,4041.545549
5/23/2014,4056.839625
5/26/2014,4062.858327
5/27/2014,4051.944902
5/28/2014,4049.194519
5/29/2014,4084.922791
5/30/2014,4078.911027
6/2/2014,4086.813147
6/3/2014,4079.926585
6/4/2014,4059.499865
6/5/2014,4058.846058
6/6/2014,4083.342725
6/9/2014,4090.475215
6/10/2014,4076.391534
6/11/2014,4071.71706
6/12/2014,4075.388827
6/13/2014,4075.691892
6/16/2014,4071.994849
6/17/2014,4052.41417
6/18/2014,4055.33344
6/19/2014,4045.705659
6/20/2014,4033.06036
6/23/2014,4031.32071
6/24/2014,4037.052864
6/25/2014,4036.442149
6/26/2014,4057.525986
6/27/2014,4048.220329
6/30/2014,4029.184914
7/1/2014,4013.063265
7/2/2014,4039.375412
7/3/2014,4050.812647
7/4/2014,4049.699451
7/7/2014,4073.616039
7/8/2014,4063.422525
7/9/2014,4053.669359
7/10/2014,4046.29865
7/11/2014,4076.2856
7/14/2014,4072.876216
7/15/2014,4073.429847
7/16/2014,4089.524782
9/26/2014,4120.291867
9/29/2014,4117.177489
9/30/2014,4100.941147
10/1/2014,4087.035411
10/3/2014,4073.448495
10/7/2014,4061.86153
10/8/2014,4040.222027
10/9/2014,4080.973931
10/10/2014,4036.66762
10/13/2014,4009.471594
10/14/2014,3999.773855
10/15/2014,4005.186019
10/16/2014,3949.446108
10/17/2014,3966.380076
10/20/2014,3983.053827
10/21/2014,4010.209432
10/23/2014,4052.489576
10/24/2014,4036.0442
10/27/2014,4040.507968
10/28/2014,4022.881058
10/29/2014,4040.505337
10/30/2014,4053.391231
10/31/2014,4103.437096
11/3/2014,4124.234193
11/4/2014,4112.96941
11/5/2014,4120.60892
11/6/2014,4124.741197
11/7/2014,4119.012736
11/10/2014,4137.323028
11/11/2014,4126.655717
11/12/2014,4116.07615
11/13/2014,4142.873941
11/14/2014,4156.710892
11/17/2014,4122.856329
11/18/2014,4154.272439
11/19/2014,4180.39231
11/20/2014,4156.625919
11/21/2014,4193.881576
11/24/2014,4187.882033
11/25/2014,4193.47135
11/26/2014,4199.32634
11/27/2014,4188.413071
11/28/2014,4200.376258
12/1/2014,4144.131676
12/2/2014,4165.041665
12/3/2014,4141.309422
12/4/2014,4143.109384
12/5/2014,4167.644555
12/8/2014,4137.609059
12/9/2014,4165.218413
12/10/2014,4172.698951
12/11/2014,4163.784492
12/12/2014,4170.594286
12/15/2014,4132.969372
12/16/2014,4033.791714
12/17/2014,4049.015813
12/18/2014,4069.620067
12/19/2014,4122.045886
12/22/2014,4186.696471
12/23/2014,4188.646933
12/24/2014,4205.477611
12/26/2014,4215.249782
12/29/2014,4232.855435
12/30/2014,4230.868272
12/31/2014,4229.667861
1/2/2015,4236.891851
1/5/2015,4183.711957
1/6/2015,4125.464377
1/7/2015,4146.098162
1/8/2015,4204.857063
1/9/2015,4196.480642
1/12/2015,4204.586578
1/13/2015,4199.784161
1/14/2015,4181.045272
1/15/2015,4196.980424
1/16/2015,4149.014905
1/19/2015,4157.83328
1/20/2015,4190.919205
1/21/2015,4216.613347
1/22/2015,4236.512233
1/23/2015,4288.312759
1/26/2015,4272.001996
1/27/2015,4289.678433
1/28/2015,4298.421624
1/29/2015,4299.388049
1/30/2015,4264.371428
2/2/2015,4304.790485
2/3/2015,4285.522242
2/4/2015,4297.529858
2/5/2015,4283.702936
2/6/2015,4314.865899
2/9/2015,4298.091082
2/10/2015,4318.494299
2/11/2015,4331.484549
2/12/2015,4302.426461
2/13/2015,4311.300076
2/16/2015,4312.479642
2/17/2015,4298.328838
2/18/2015,4323.180831
2/23/2015,4305.103184
2/24/2015,4325.6342
2/25/2015,4329.689129
2/26/2015,4311.248811
2/27/2015,4281.910047
3/2/2015,4283.199648
3/3/2015,4306.127988
3/4/2015,4297.849279
3/5/2015,4272.355597
3/6/2015,4300.339184
3/9/2015,4284.689747
3/10/2015,4276.74525
3/11/2015,4251.990495
3/12/2015,4245.71642
3/13/2015,4232.089691
3/16/2015,4248.786196
3/17/2015,4241.114775
3/18/2015,4240.027633
3/19/2015,4270.807873
3/20/2015,4303.95805
3/23/2015,4301.03695
3/24/2015,4304.992481
3/25/2015,4312.258001
3/26/2015,4328.10158
3/27/2015,4351.456405
3/30/2015,4356.695884
3/31/2015,4347.561994
4/1/2015,4347.569207
4/2/2015,4356.060929
4/6/2015,4355.000278
4/7/2015,4371.028584
4/8/2015,4364.799267
4/9/2015,4364.31894
4/10/2015,4379.551574
4/13/2015,4394.698064
4/14/2015,4440.974708
4/15/2015,4464.772105
4/16/2015,4454.255091
4/17/2015,4446.161106
4/20/2015,4418.487762
4/21/2015,4425.250772
4/22/2015,4417.228085
4/23/2015,4426.898939
4/24/2015,4442.365785
4/27/2015,4458.286631
4/28/2015,4432.615292
4/29/2015,4433.474509
4/30/2015,4444.815231
5/4/2015,4441.47491
5/5/2015,4428.464783
5/6/2015,4413.914872
5/7/2015,4382.851816
5/8/2015,4407.408954
5/11/2015,4431.395838
5/12/2015,4395.051517
5/13/2015,4410.231274
5/14/2015,4413.557461
5/15/2015,4422.906915
5/18/2015,4418.405664
5/19/2015,4411.337323
5/20/2015,4392.99756
5/21/2015,4393.661458
5/22/2015,4406.847976
5/25/2015,4420.475581
5/26/2015,4419.357006
5/27/2015,4374.608072
5/28/2015,4365.445227
5/29/2015,4332.669199
6/2/2015,4267.071781
6/3/2015,4278.684004
6/4/2015,4272.497923
6/5/2015,4258.025645
6/8/2015,4240.991746
6/9/2015,4208.802459
6/10/2015,4247.939216
6/11/2015,4275.904255
6/12/2015,4283.805776
6/15/2015,4244.570193
6/16/2015,4212.584407
6/17/2015,4248.116571
6/18/2015,4215.55768
6/19/2015,4216.246791
6/22/2015,4234.34254
6/23/2015,4265.838048
6/24/2015,4280.579114
6/25/2015,4278.724104
6/26/2015,4241.714432
6/29/2015,4189.711882
6/30/2015,4237.15234
7/1/2015,4254.796715
7/2/2015,4250.581796
7/3/2015,4269.605583
7/6/2015,4257.092797
7/7/2015,4267.297501
7/8/2015,4195.844439
7/9/2015,4173.384383
7/10/2015,4189.3209
7/13/2015,4229.351842
7/14/2015,4236.10214
7/15/2015,4264.65827
7/16/2015,4283.29372
7/20/2015,4308.882852
7/21/2015,4306.235125
7/22/2015,4290.604134
7/23/2015,4287.02267
7/24/2015,4282.265553
7/27/2015,4232.16678
7/28/2015,4193.957869
7/29/2015,4200.491607
7/30/2015,4167.895393
7/31/2015,4115.435431
8/3/2015,4106.721777
8/4/2015,4104.468646
8/5/2015,4104.915498
8/6/2015,4111.700043
8/11/2015,4055.610613
8/12/2015,3946.051215
8/13/2015,3986.033201
8/14/2015,4016.472341
8/17/2015,3962.183957
8/18/2015,3939.313043
8/19/2015,3934.664517
8/20/2015,3894.136376
8/21/2015,3843.968413
8/24/2015,3678.859109
8/25/2015,3735.155152
8/26/2015,3718.37715
8/27/2015,3812.112693
9/2/2015,3725.01609
9/3/2015,3761.639265
9/4/2015,3706.479219
9/7/2015,3691.720346
9/8/2015,3734.314276
9/9/2015,3789.78853
9/10/2015,3737.822677
9/14/2015,3716.390176
9/15/2015,3678.175678
9/16/2015,3712.858017
9/17/2015,3747.899686
9/18/2015,3726.907254
9/21/2015,3730.367257
9/22/2015,3712.515683
9/23/2015,3683.094331
9/25/2015,3666.135016
9/28/2015,3613.429551
9/29/2015,3608.29007
9/30/2015,3614.235493
10/1/2015,3628.419572
10/2/2015,3617.149736
10/5/2015,3692.393475
10/6/2015,3752.17488
10/7/2015,3835.576675
10/8/2015,3816.437743
10/9/2015,3883.087119
10/12/2015,3926.607475
10/13/2015,3865.446064
10/14/2015,3864.208868
10/15/2015,3904.631194
10/16/2015,3924.67065
10/19/2015,3916.751555
10/20/2015,3909.677109
10/21/2015,3918.308022
10/22/2015,3934.381552
10/26/2015,3992.610472
10/27/2015,3953.712124
10/28/2015,3941.920394
10/29/2015,3891.357568
10/30/2015,3887.257811
11/2/2015,3856.226963
11/3/2015,3888.832203
11/4/2015,3941.88561
11/5/2015,3920.058656
11/6/2015,3902.967251
11/9/2015,3886.442651
11/11/2015,3865.525276
11/12/2015,3836.470267
11/13/2015,3793.721665
11/16/2015,3785.516898
11/17/2015,3786.879074
11/18/2015,3747.520555
11/19/2015,3791.350348
11/20/2015,3788.849656
11/23/2015,3770.13199
11/24/2015,3796.096109
11/25/2015,3754.6623
11/26/2015,3745.715528
11/27/2015,3712.514467
11/30/2015,3708.384699
12/1/2015,3726.984548
12/2/2015,3744.350148
12/3/2015,3744.674497
12/4/2015,3738.390239
12/7/2015,3766.788098
12/8/2015,3737.79648
12/9/2015,3718.505956
12/10/2015,3701.964709
12/11/2015,3683.989679
12/14/2015,3658.523123
12/15/2015,3659.151127
12/16/2015,3693.145775
12/17/2015,3719.479679
12/18/2015,3708.639118
12/21/2015,3707.206821
12/22/2015,3716.872461
12/23/2015,3730.780414
12/24/2015,3748.982158
12/28/2015,3745.990676
12/29/2015,3762.791891
12/30/2015,3759.26304
12/31/2015,3755.640038
1/4/2016,3694.727916
1/5/2016,3692.45312
1/6/2016,3653.4302
1/7/2016,3556.550724
1/8/2016,3584.323804
1/11/2016,3529.113449
1/12/2016,3506.869964
1/13/2016,3513.023889
1/14/2016,3445.360458
1/15/2016,3427.377388
1/18/2016,3378.186591
1/19/2016,3437.421596
1/20/2016,3334.881929
1/21/2016,3299.616116
1/22/2016,3357.447019
1/25/2016,3364.689492
1/26/2016,3317.092811
1/27/2016,3317.838012
1/28/2016,3340.282999
1/29/2016,3427.180478
2/1/2016,3392.377432
2/2/2016,3362.159593
2/3/2016,3325.024873
2/4/2016,3335.126449
2/5/2016,3419.485164
2/10/2016,3365.908049
2/11/2016,3311.470535
2/12/2016,3313.647405
2/15/2016,3402.293613
2/16/2016,3450.141659
2/17/2016,3409.983049
2/18/2016,3467.101034
2/19/2016,3466.187413
2/22/2016,3471.11329
2/23/2016,3486.015266
2/24/2016,3418.02213
2/25/2016,3396.428388
2/26/2016,3456.405079
2/29/2016,3478.757335
3/1/2016,3499.470755
3/2/2016,3557.627421
3/3/2016,3636.754496
3/4/2016,3701.181803
3/7/2016,3683.576984
3/8/2016,3625.217036
3/9/2016,3666.51108
3/10/2016,3664.813066
3/11/2016,3690.557069
3/14/2016,3714.302136
3/15/2016,3704.358828
3/16/2016,3714.005736
3/17/2016,3760.965177
3/18/2016,3795.737373
3/21/2016,3761.638545
3/22/2016,3761.591401
3/23/2016,3763.327739
3/24/2016,3718.163828
3/28/2016,3695.832984
3/29/2016,3681.188096
3/30/2016,3751.318815
3/31/2016,3709.686683
4/1/2016,3680.423847
4/4/2016,3702.430688
4/5/2016,3657.473553
4/6/2016,3670.965429
4/7/2016,3674.016938
4/8/2016,3667.13709
4/11/2016,3668.347308
4/12/2016,3675.402337
4/13/2016,3774.341217
4/14/2016,3805.046415
4/15/2016,3818.121253
4/18/2016,3810.041953
4/19/2016,3854.512539
4/20/2016,3852.083916
4/21/2016,3867.872409
4/22/2016,3847.195445
4/25/2016,3801.3061
4/26/2016,3804.366885
4/27/2016,3784.959669
4/28/2016,3768.602328
4/29/2016,3737.296036
5/3/2016,3702.465728
5/4/2016,3655.544095
5/5/2016,3664.178986
5/6/2016,3617.055825
5/9/2016,3663.750085
5/10/2016,3630.753584
5/11/2016,3621.745267
5/12/2016,3639.615371
5/13/2016,3625.719097
5/16/2016,3627.247918
5/17/2016,3686.966341
5/18/2016,3681.672463
5/19/2016,3632.61649
5/20/2016,3664.048338
5/23/2016,3668.171668
5/24/2016,3646.028955
5/25/2016,3667.819143
5/26/2016,3676.636347
5/27/2016,3715.345982
5/30/2016,3707.708991
5/31/2016,3700.159241
6/1/2016,3699.467709
6/2/2016,3705.51132
6/3/2016,3724.244258
6/6/2016,3753.482966
6/7/2016,3775.76829
6/8/2016,3794.713682
6/9/2016,3770.078444
6/10/2016,3742.465019
6/13/2016,3692.693655
6/14/2016,3670.024231
6/15/2016,3677.873511
6/16/2016,3647.798325
6/17/2016,3663.521103
6/20/2016,3713.167555
6/21/2016,3698.032892
6/22/2016,3693.628979
6/23/2016,3703.863387
6/24/2016,3626.357593
6/27/2016,3619.013311
6/28/2016,3654.381658
6/29/2016,3702.378608
6/30/2016,3766.274396
7/1/2016,3773.489244
7/4/2016,3805.563647
7/5/2016,3797.742423
7/7/2016,3794.435878
7/8/2016,3774.3794
7/11/2016,3812.960597
7/12/2016,3846.992523
7/13/2016,3858.706757
7/14/2016,3853.757687
7/15/2016,3878.192234
7/18/2016,3882.713153
7/19/2016,3870.489278
7/20/2016,3905.227698
7/21/2016,3898.25782
7/22/2016,3905.734797
7/25/2016,3885.18951
7/26/2016,3891.390523
7/27/2016,3904.237352
7/28/2016,3875.062476
7/29/2016,3808.773218
8/1/2016,3840.407782
8/2/2016,3810.404454
8/3/2016,3784.118002
8/4/2016,3789.973971
8/5/2016,3787.006756
8/8/2016,3844.064093
8/10/2016,3850.966143
8/11/2016,3843.261762
8/12/2016,3840.016015
8/15/2016,3855.828351
8/16/2016,3845.118076
8/17/2016,3825.892079
8/18/2016,3820.916191
8/19/2016,3830.793763
8/22/2016,3826.992634
8/23/2016,3840.585724
8/24/2016,3866.822718
8/25/2016,3876.73921
8/26/2016,3850.752884
8/29/2016,3812.723289
8/30/2016,3811.327019
8/31/2016,3800.815992
9/1/2016,3795.260735
9/2/2016,3778.352333
9/5/2016,3842.795598
9/6/2016,3903.1807
9/7/2016,3899.271883
9/8/2016,3900.384838
9/9/2016,3871.891083
9/13/2016,3797.841628
9/14/2016,3785.671811
9/15/2016,3780.516797
9/16/2016,3810.063526
9/19/2016,3843.336298
9/20/2016,3846.767893
9/21/2016,3841.444425
9/22/2016,3835.140971
9/23/2016,3849.81524
9/26/2016,3840.361516
9/27/2016,3854.236774
9/28/2016,3852.896735
9/29/2016,3890.24023
9/30/2016,3868.347952
10/3/2016,3870.197265
10/4/2016,3888.800733
10/5/2016,3884.96743
10/6/2016,3889.585915
10/7/2016,3876.127305
10/10/2016,3869.384184
10/11/2016,3850.372621
10/12/2016,3793.176424
10/13/2016,3782.092824
10/14/2016,3795.251099
10/17/2016,3797.70633
10/18/2016,3815.985167
10/26/2016,3814.632734
10/27/2016,3816.28793
10/28/2016,3799.172652
10/31/2016,3795.956572
11/1/2016,3795.704286
11/2/2016,3786.878031
11/3/2016,3780.042442
11/4/2016,3762.136174
11/7/2016,3778.528504
11/8/2016,3805.011874
11/9/2016,3764.048852
11/10/2016,3823.837877
11/11/2016,3798.250936
11/14/2016,3761.363856
11/15/2016,3775.230961
11/16/2016,3770.425675
11/17/2016,3796.727749
11/18/2016,3830.697494
11/21/2016,3801.038769
11/22/2016,3808.499068
11/23/2016,3834.101674
11/24/2016,3839.538971
11/25/2016,3860.625714
11/28/2016,3881.300388
11/29/2016,3887.373849
11/30/2016,3920.96381
12/1/2016,3954.117249
12/2/2016,3941.684996
12/5/2016,3973.663354
12/6/2016,3981.855239
12/7/2016,3998.31432
12/8/2016,3996.995064
12/9/2016,3993.311438
12/12/2016,3987.983087
12/13/2016,3992.089604
12/14/2016,3990.504806
12/15/2016,3959.044372
12/16/2016,3968.619537
12/19/2016,3942.809752
12/20/2016,3940.41538
12/21/2016,3927.408415
12/22/2016,3900.794913
12/23/2016,3885.9284
12/27/2016,3905.836772
12/28/2016,3922.800732
12/29/2016,3910.420653
12/30/2016,3899.073238
1/3/2017,3923.715871
1/4/2017,3953.948039
1/5/2017,3998.38684
1/6/2017,4009.876582
1/9/2017,4035.471432
1/10/2017,4068.604931
1/11/2017,4061.731888
1/12/2017,4050.984928
1/13/2017,4094.394763
1/16/2017,4078.214163
1/17/2017,4077.736043
1/18/2017,4060.760178
1/19/2017,4071.579541
1/20/2017,4075.447931
1/23/2017,4094.940235
1/24/2017,4118.697094
1/25/2017,4116.617715
1/26/2017,4133.843493
1/27/2017,4151.557936
1/31/2017,4127.105722
2/1/2017,4155.128686
2/2/2017,4127.969699
2/3/2017,4125.058507
2/6/2017,4145.371942
2/7/2017,4165.344025
2/8/2017,4158.405783
2/9/2017,4176.627956
2/10/2017,4204.3255
2/13/2017,4219.571026
2/14/2017,4166.46334
2/15/2017,4188.181647
2/16/2017,4201.713383
2/17/2017,4216.577257
2/20/2017,4201.702671
2/21/2017,4198.315319
2/22/2017,4236.32555
2/23/2017,4257.178915
2/24/2017,4229.301319
2/27/2017,4217.897119
2/28/2017,4201.606021
3/1/2017,4237.088473
3/2/2017,4255.691002
3/3/2017,4236.514718
3/6/2017,4235.389978
3/7/2017,4247.494971
3/8/2017,4267.656891
3/9/2017,4231.762333
3/10/2017,4251.456412
3/13/2017,4270.172405
3/14/2017,4265.08178
3/15/2017,4265.429778
3/16/2017,4300.906203
3/17/2017,4308.870665
3/20/2017,4303.872007
3/21/2017,4294.178468
3/22/2017,4239.279035
3/23/2017,4251.165751
3/24/2017,4272.874506
3/27/2017,4251.090591
3/28/2017,4293.157341
3/29/2017,4329.520266
3/30/2017,4314.114747
3/31/2017,4316.661788
4/3/2017,4333.5224
4/4/2017,4322.034401
4/5/2017,4318.61719
4/6/2017,4317.30761
4/7/2017,4319.594365
4/10/2017,4325.282457
4/11/2017,4316.174085
4/12/2017,4331.475105
4/13/2017,4308.677445
4/17/2017,4267.067274
4/18/2017,4266.035166
4/19/2017,4250.729258
4/20/2017,4266.495454
4/21/2017,4269.155583
4/24/2017,4275.416266
4/25/2017,4304.910078
